, 0.000000, -90.000000, -90.000000, 0.000000, 0.000000, 0.000000, 0.000000, 0.000000
649872, 0.000000, 0.000000, 0.000000, -90.000000, -90.000000, 0.000000, 0.000000, 0.000000, 0.000000, 0.000000
850887, 0.000000, 0.000000, 0.000000, -90.000000, -90.000000, 0.000000, 0.000000, 0.000000, 0.000000, 0.000000
1052788, 0.000000, 0.000000, 0.000000, -90.000000, -90.000000, 0.000000, 0.000000, 0.000000, 0.000000, 0.000000
1253554, 0.000000, 0.000000, 0.000000, -90.000000, -90.000000, 0.000000, 0.000000, 0.000000, 0.000000, 0.000000
1466561, 0.000000, 0.000000, 0.000000, -90.000000, -90.000000, 0.000000, 0.000000, 0.000000, 0.000000, 0.000000
1668890, 0.000000, 0.000000, 0.000000, -90.000000, -90.000000, 0.000000, 0.000000, 0.000000, 0.000000, 0.000000
1869893, 0.000000, 0.000000, 0.000000, -90.000000, -90.000000, 0.000000, 0.000000, 0.000000, 0.000000, 0.000000
2071888, 0.000000, 0.000000, 0.000000, -90.000000, -90.000000, 0.000000, 0.000000, 0.000000, 0.000000, 0.000000
2272842, 0.000000, 0.000000, 0.000000, -89.000000, -90.000000, 1.000000, 0.000000, -1.500000, 0.000000, -6.000000
2475878, 0.000000, 0.000000, 0.000000, -86.000000, -90.000000, 1.000000, 0.000000, -6.000000, 0.000000, 0.000000
2677752, 0.000000, 0.000000, 0.000000, -83.000000, -90.000000, 1.000000, 0.000000, -10.500000, 0.000000, 0.000000
2878788, 0.000000, 0.000000, 0.000000, -83.000000, -90.000000, 1.000000, 0.000000, -10.500000, 0.000000, 0.000000
3081298, 0.000000, 0.000000, 0.000000, -83.000000, -90.000000, 1.000000, 0.000000, -10.500000, 0.000000, 0.000000
3291838, 0.000000, 0.000000, 0.000000, -82.000000, -90.000000, 1.000000, 0.000000, -12.000000, 0.000000, -6.000000
3493833, 0.000000, 0.000000, 0.000000, -79.000000, -90.000000, 1.000000, 0.000000, -16.500000, 0.000000, -6.000000
3694875, 0.000000, 0.000000, 0.000000, -77.000000, -90.000000, 1.000000, 0.000000, -19.500000, 0.000000, 0.000000
3897911, 0.000000, 0.000000, 0.000000, -77.000000, -90.000000, 1.000000, 0.000000, -19.500000, 0.000000, 0.000000
4099907, 0.000000, 0.000000, 0.000000, -77.000000, -90.000000, 1.000000, 0.000000, -19.500000, 0.000000, 0.000000
4300923, 0.000000, 0.000000, 0.000000, -73.000000, -90.000000, 1.000000, 0.000000, -25.500000, 0.000000, -6.000000
4503772, 0.000000, 0.000000, 0.000000, -70.000000, -90.000000, 1.000000, 0.000000, -30.000000, 0.000000, 0.000000
4706298, 0.000000, 0.000000, 0.000000, -70.000000, -90.000000, 1.000000, 0.000000, -30.000000, 0.000000, 0.000000
4916909, 0.000000, 0.000000, 0.000000, -72.000000, -90.000000, 1.000000, 0.000000, -27.000000, 0.000000, 6.000000
5119858, 0.000000, 0.000000, 0.000000, -76.000000, -90.000000, 1.000000, 0.000000, -21.000000, 0.000000, 6.000000
5321854, 0.000000, 0.000000, 0.000000, -77.000000, -90.000000, 1.000000, 0.000000, -19.500000, 0.000000, 0.000000
5522897, 0.000000, 0.000000, 0.000000, -79.000000, -90.000000, 1.050000, 0.000000, -16.500000, 0.000000, 6.000000
5724891, 0.000000, 0.000000, 0.000000, -81.000000, -90.000000, 1.000000, 0.000000, -13.500000, 0.000000, 0.000000
5925908, 0.000000, 0.000000, 0.000000, -84.000000, -90.000000, 3.300000, 0.000000, -9.000000, 0.000000, 6.000000
6128761, 0.000000, 0.000000, 0.000000, -86.000000, -90.000000, 1.000000, 0.000000, -6.000000, 0.000000, 0.000000
6331009, 0.000000, 0.000000, 0.000000, -89.000000, -90.000000, 5.550000, 0.000000, -1.500000, 0.000000, 6.000000
6541893, 0.000000, 0.000000, 0.000000, -90.000000, -90.000000, 0.000000, 0.000000, 0.000000, 0.000000, 0.000000
6743895, 0.000000, 0.000000, 0.000000, -94.000000, -90.000000, 13.470000, 0.000000, 6.000000, 1.470000, 6.000000
6944953, 0.000000, 0.000000, 0.000000, -94.000000, -90.000000, 10.830000, 0.000000, 6.000000, 4.830000, 0.000000
7145569, 0.000000, 0.000000, 0.000000, -99.000000, -90.000000, 29.538000, 0.000000, 13.500000, 10.038000, 6.000000
7357859, 0.000000, 0.000000, 0.000000, -95.000000, -90.000000, 12.090000, 0.000000, 7.500000, 16.590000, -12.000000
7558897, 0.000000, 0.000000, 0.000000, -87.000000, -90.000000, 3.996000, 0.000000, -4.500000, 17.346000, -12.000000
7761862, 0.000000, 0.000000, 0.000000, -81.000000, -90.000000, 2.088000, 0.000000, -13.500000, 12.138000, -6.000000
7963869, 0.000000, 0.000000, 0.000000, -81.000000, -90.000000, 0.528000, 0.000000, -13.500000, 4.578000, 0.000000
8164843, 0.000000, 0.000000, 0.000000, -81.000000, -90.000000, 1.000000, 0.000000, -13.500000, 0.000000, 0.000000
8366946, 0.000000, 0.000000, 0.000000, -86.000000, -90.000000, 4.200000, 0.000000, -6.000000, 0.000000, 6.000000
8577761, 0.000000, 0.000000, 0.000000, -87.000000, -90.000000, 1.000000, 0.000000, -4.500000, 0.000000, 0.000000
8779756, 0.000000, 0.000000, 0.000000, -87.000000, -90.000000, 1.000000, 0.000000, -4.500000, 0.000000, 0.000000
8980844, 0.000000, 0.000000, 0.000000, -92.000000, -90.000000, 9.546000, 0.000000, 3.000000, 0.546000, 6.000000
9183896, 0.000000, 0.000000, 0.000000, -92.000000, -90.000000, 5.226000, 0.000000, 3.000000, 2.226000, 0.000000
9386829, 0.000000, 0.000000, 0.000000, -96.000000, -90.000000, 20.082001, 0.000000, 9.000000, 5.082000, 6.000000
9589856, 0.000000, 0.000000, 0.000000, -97.000000, -90.000000, 21.378000, 0.000000, 10.500000, 10.878000, 0.000000
9792805, 0.000000, 0.000000, 0.000000, -90.000000, -90.000000, 1.818000, 0.000000, 0.000000, 13.818000, -12.000000
9994563, 0.000000, 0.000000, 0.000000, -88.000000, -90.000000, 11.490000, 0.000000, -3.000000, 12.390000, 0.000000
10205832, 0.000000, 0.000000, 0.000000, -88.000000, -90.000000, 9.810000, 0.000000, -3.000000, 10.710000, 0.000000
10408867, 0.000000, 0.000000, 0.000000, -88.000000, -90.000000, 8.130000, 0.000000, -3.000000, 9.030000, 0.000000
10610860, 0.000000, 0.000000, 0.000000, -83.000000, -90.000000, 1.000000, 0.000000, -10.500000, 5.166000, -6.000000
10811799, 0.000000, 0.000000, 0.000000, -81.000000, -90.000000, 1.000000, 0.000000, -13.500000, 0.000000, 0.000000
11014835, 0.000000, 0.000000, 0.000000, -80.000000, -90.000000, 1.000000, 0.000000, -15.000000, 0.000000, -6.000000
11217775, 0.000000, 0.000000, 0.000000, -75.000000, -90.000000, 1.000000, 0.000000, -22.500000, 0.000000, -6.000000
11419540, 0.000000, 0.000000, 0.000000, -74.000000, -90.000000, 1.000000, 0.000000, -24.000000, 0.000000, 0.000000
11630796, 0.000000, 0.000000, 0.000000, -71.000000, -90.000000, -20.549999, 0.000000, -28.500000, 0.000000, -12.000000
11833851, 0.000000, 0.000000, 0.000000, -68.000000, -90.000000, 1.000000, 0.000000, -33.000000, 0.000000, 0.000000
12035830, 0.000000, 0.000000, 0.000000, -68.000000, -90.000000, 1.000000, 0.000000, -33.000000, 0.000000, 0.000000
12236832, 0.000000, 0.000000, 0.000000, -64.000000, -90.000000, -23.700001, 0.000000, -39.000000, 0.000000, -12.000000
12447910, 0.000000, 0.000000, 0.000000, -63.000000, -90.000000, 1.000000, 0.000000, -40.500000, 0.000000, 0.000000
12649916, 0.000000, 0.000000, 0.000000, -62.000000, -90.000000, -18.600000, 0.000000, -42.000000, 0.000000, -6.000000
12850901, 0.000000, 0.000000, 0.000000, -57.000000, -90.000000, -20.850000, 0.000000, -49.500000, 0.000000, -6.000000
13061899, 0.000000, 0.000000, 0.000000, -55.000000, -90.000000, -21.750000, 0.000000, -52.500000, 0.000000, -6.000000
13263864, 0.000000, 0.000000, 0.000000, -56.000000, -90.000000, -21.299999, 0.000000, -51.000000, 0.000000, -6.000000
13464885, 0.000000, 0.000000, 0.000000, -56.000000, -90.000000, -21.299999, 0.000000, -51.000000, 0.000000, -6.000000
13675857, 0.000000, 0.000000, 0.000000, -56.000000, -90.000000, -21.299999, 0.000000, -51.000000, 0.000000, -6.000000
13877759, 0.000000, 0.000000, 0.000000, -56.000000, -90.000000, -21.299999, 0.000000, -51.000000, 0.000000, -6.000000
14078540, 0.000000, 0.000000, 0.000000, -57.000000, -90.000000, 1.000000, 0.000000, -49.500000, 0.000000, 6.000000
14291908, 0.000000, 0.000000, 0.000000, -56.000000, -90.000000, -15.300000, 0.000000, -51.000000, 0.000000, 0.000000
14494853, 0.000000, 0.000000, 0.000000, -57.000000, -90.000000, 1.000000, 0.000000, -49.500000, 0.000000, 6.000000
14697891, 0.000000, 0.000000, 0.000000, -56.000000, -90.000000, 1.000000, 0.000000, -51.000000, 0.000000, 6.000000
14900903, 0.000000, 0.000000, 0.000000, -56.000000, -90.000000, 1.000000, 0.000000, -51.000000, 0.000000, 6.000000
15103780, 0.000000, 0.000000, 0.000000, -55.000000, -90.000000, -21.750000, 0.000000, -52.500000, 0.000000, -6.000000
15316584, 0.000000, 0.000000, 0.000000, -55.000000, -90.000000, -21.750000, 0.000000, -52.500000, 0.000000, -6.000000
15519953, 0.000000, 0.000000, 0.000000, -53.000000, -90.000000, -22.650000, 0.000000, -55.500000, 0.000000, -6.000000
15722856, 0.000000, 0.000000, 0.000000, -55.000000, -90.000000, 1.000000, 0.000000, -52.500000, 0.000000, 6.000000
15923540, 0.000000, 0.000000, 0.000000, -55.000000, -90.000000, 1.000000, 0.000000, -52.500000, 0.000000, 6.000000
16135897, 0.000000, 0.000000, 0.000000, -56.000000, -90.000000, -15.300000, 0.000000, -51.000000, 0.000000, 0.000000
16336818, 0.000000, 0.000000, 0.000000, -56.000000, -90.000000, -15.300000, 0.000000, -51.000000, 0.000000, 0.000000
16547875, 0.000000, 0.000000, 0.000000, -57.000000, -90.000000, -20.850000, 0.000000, -49.500000, 0.000000, -6.000000
16749866, 0.000000, 0.000000, 0.000000, -58.000000, -90.000000, 1.000000, 0.000000, -48.000000, 0.000000, 6.000000
16950740, 0.000000, 0.000000, 0.000000, -58.000000, -90.000000, 1.000000, 0.000000, -48.000000, 0.000000, 6.000000
17161835, 0.000000, 0.000000, 0.000000, -58.000000, -90.000000, 1.000000, 0.000000, -48.000000, 0.000000, 6.000000
17363830, 0.000000, 0.000000, 0.000000, -58.000000, -90.000000, 1.000000, 0.000000, -48.000000, 0.000000, 0.000000
17564856, 0.000000, 0.000000, 0.000000, -58.000000, -90.000000, 1.000000, 0.000000, -48.000000, 0.000000, 0.000000
17766933, 0.000000, 0.000000, 0.000000, -58.000000, -90.000000, 1.000000, 0.000000, -48.000000, 0.000000, 0.000000
17967540, 0.000000, 0.000000, 0.000000, -58.000000, -90.000000, 1.000000, 0.000000, -48.000000, 0.000000, 0.000000
18169540, 0.000000, 0.000000, 0.000000, -58.000000, -90.000000, 1.000000, 0.000000, -48.000000, 0.000000, 0.000000
18380815, 0.000000, 0.000000, 0.000000, -58.000000, -90.000000, 1.000000, 0.000000, -48.000000, 0.000000, 0.000000
18582828, 0.000000, 0.000000, 0.000000, -58.000000, -90.000000, 1.000000, 0.000000, -48.000000, 0.000000, 0.000000
18783853, 0.000000, 0.000000, 0.000000, -58.000000, -90.000000, 1.000000, 0.000000, -48.000000, 0.000000, 0.000000
18986802, 0.000000, 0.000000, 0.000000, -58.000000, -90.000000, 1.000000, 0.000000, -48.000000, 0.000000, 0.000000
19188798, 0.000000, 0.000000, 0.000000, -58.000000, -90.000000, 1.000000, 0.000000, -48.000000, 0.000000, 0.000000
19389817, 0.000000, 0.000000, 0.000000, -58.000000, -90.000000, 1.000000, 0.000000, -48.000000, 0.000000, 0.000000
19592776, 0.000000, 0.000000, 0.000000, -58.000000, -90.000000, 1.000000, 0.000000, -48.000000, 0.000000, 0.000000
19794860, 0.000000, 0.000000, 0.000000, -58.000000, -90.000000, 1.000000, 0.000000, -48.000000, 0.000000, 0.000000
20005798, 0.000000, 0.000000, 0.000000, -58.000000, -90.000000, 1.000000, 0.000000, -48.000000, 0.000000, 0.000000
20207793, 0.000000, 0.000000, 0.000000, -58.000000, -90.000000, 1.000000, 0.000000, -48.000000, 0.000000, 0.000000
20408855, 0.000000, 0.000000, 0.000000, -58.000000, -90.000000, 1.000000, 0.000000, -48.000000, 0.000000, 0.000000
20610850, 0.000000, 0.000000, 0.000000, -58.000000, -90.000000, 1.000000, 0.000000, -48.000000, 0.000000, 0.000000
20811876, 0.000000, 0.000000, 0.000000, -58.000000, -90.000000, 1.000000, 0.000000, -48.000000, 0.000000, 0.000000
21014825, 0.000000, 0.000000, 0.000000, -58.000000, -90.000000, 1.000000, 0.000000, -48.000000, 0.000000, 0.000000
21216902, 0.000000, 0.000000, 0.000000, -58.000000, -90.000000, 1.000000, 0.000000, -48.000000, 0.000000, 0.000000
21417541, 0.000000, 0.000000, 0.000000, -58.000000, -90.000000, 1.000000, 0.000000, -48.000000, 0.000000, 0.000000
21619541, 0.000000, 0.000000, 0.000000, -58.000000, -90.000000, 1.000000, 0.000000, -48.000000, 0.000000, 0.000000
21830796, 0.000000, 0.000000, 0.000000, -58.000000, -90.000000, 1.000000, 0.000000, -48.000000, 0.000000, 0.000000
22032880, 0.000000, 0.000000, 0.000000, -58.000000, -90.000000, 1.000000, 0.000000, -48.000000, 0.000000, 0.000000
22233819, 0.000000, 0.000000, 0.000000, -58.000000, -90.000000, 1.000000, 0.000000, -48.000000, 0.000000, 0.000000
22436855, 0.000000, 0.000000, 0.000000, -58.000000, -90.000000, 1.000000, 0.000000, -48.000000, 0.000000, 0.000000
22638850, 0.000000, 0.000000, 0.000000, -58.000000, -90.000000, 1.000000, 0.000000, -48.000000, 0.000000, 0.000000
22839870, 0.000000, 0.000000, 0.000000, -58.000000, -90.000000, 1.000000, 0.000000, -48.000000, 0.000000, 0.000000
23042745, 0.000000, 0.000000, 0.000000, -58.000000, -90.000000, 1.000000, 0.000000, -48.000000, 0.000000, 0.000000
23244912, 0.000000, 0.000000, 0.000000, -58.000000, -90.000000, 1.000000, 0.000000, -48.000000, 0.000000, 0.000000
23455764, 0.000000, 0.000000, 0.000000, -58.000000, -90.000000, 1.000000, 0.000000, -48.000000, 0.000000, 0.000000
23657759, 0.000000, 0.000000, 0.000000, -58.000000, -90.000000, 1.000000, 0.000000, -48.000000, 0.000000, 0.000000
23858817, 0.000000, 0.000000, 0.000000, -58.000000, -90.000000, 1.000000, 0.000000, -48.000000, 0.000000, 0.000000
24060812, 0.000000, 0.000000, 0.000000, -58.000000, -90.000000, 1.000000, 0.000000, -48.000000, 0.000000, 0.000000
24261838, 0.000000, 0.000000, 0.000000, -58.000000, -90.000000, 1.000000, 0.000000, -48.000000, 0.000000, 0.000000
24464874, 0.000000, 0.000000, 0.000000, -58.000000, -90.000000, 1.000000, 0.000000, -48.000000, 0.000000, 0.000000
24666865, 0.000000, 0.000000, 0.000000, -58.000000, -90.000000, 1.000000, 0.000000, -48.000000, 0.000000, 0.000000
24867540, 0.000000, 0.000000, 0.000000, -58.000000, -90.000000, 1.000000, 0.000000, -48.000000, 0.000000, 0.000000
25069544, 0.000000, 0.000000, 0.000000, -58.000000, -90.000000, 1.000000, 0.000000, -48.000000, 0.000000, 0.000000
25280850, 0.000000, 0.000000, 0.000000, -58.000000, -90.000000, 1.000000, 0.000000, -48.000000, 0.000000, 0.000000
25482846, 0.000000, 0.000000, 0.000000, -58.000000, -90.000000, 1.000000, 0.000000, -48.000000, 0.000000, 0.000000
25683871, 0.000000, 0.000000, 0.000000, -58.000000, -90.000000, 1.000000, 0.000000, -48.000000, 0.000000, 0.000000
25886821, 0.000000, 0.000000, 0.000000, -58.000000, -90.000000, 1.000000, 0.000000, -48.000000, 0.000000, 0.000000
26088816, 0.000000, 0.000000, 0.000000, -58.000000, -90.000000, 1.000000, 0.000000, -48.000000, 0.000000, 0.000000
26289835, 0.000000, 0.000000, 0.000000, -58.000000, -90.000000, 1.000000, 0.000000, -48.000000, 0.000000, 0.000000
26492796, 0.000000, 0.000000, 0.000000, -58.000000, -90.000000, 1.000000, 0.000000, -48.000000, 0.000000, 0.000000
26694740, 0.000000, 0.000000, 0.000000, -58.000000, -90.000000, 1.000000, 0.000000, -48.000000, 0.000000, 0.000000
26905816, 0.000000, 0.000000, 0.000000, -58.000000, -90.000000, 1.000000, 0.000000, -48.000000, 0.000000, 0.000000
27107811, 0.000000, 0.000000, 0.000000, -58.000000, -90.000000, 1.000000, 0.000000, -48.000000, 0.000000, 0.000000
27308869, 0.000000, 0.000000, 0.000000, -58.000000, -90.000000, 1.000000, 0.000000, -48.000000, 0.000000, 0.000000
27510849, 0.000000, 0.000000, 0.000000, -58.000000, -90.000000, 1.000000, 0.000000, -48.000000, 0.000000, 0.000000
27711804, 0.000000, 0.000000, 0.000000, -58.000000, -90.000000, 1.000000, 0.000000, -48.000000, 0.000000, 0.000000
27914840, 0.000000, 0.000000, 0.000000, -58.000000, -90.000000, 1.000000, 0.000000, -48.000000, 0.000000, 0.000000
28116920, 28.453745, 0.000000, 0.000000, -58.000000, -90.000000, 1.000000, 0.000000, -48.000000, 0.000000, 0.000000
28327787, 268.550537, 447.772339, 0.000000, -58.000000, -90.000000, 1.000000, 0.000000, -48.000000, 0.000000, 0.000000
28538786, 664.589233, 0.000000, 0.000000, -58.000000, -90.000000, 1.000000, 0.000000, -48.000000, 0.000000, 0.000000
28739811, 971.558838, 0.000000, 0.000000, -58.000000, -90.000000, 1.000000, 0.000000, -48.000000, 0.000000, 0.000000
28950873, 1041.835571, 0.000000, 0.000000, -58.000000, -90.000000, 1.000000, 0.000000, -48.000000, 0.000000, 0.000000
29153548, 1052.162598, 0.000000, 0.000000, -58.000000, -90.000000, 1.000000, 0.000000, -48.000000, 0.000000, 0.000000
29366903, 1066.736084, 0.000000, 0.000000, -58.000000, -90.000000, 1.000000, 0.000000, -48.000000, 0.000000, 0.000000
29577774, 1049.642212, 0.000000, 0.000000, -58.000000, -90.000000, 1.000000, 0.000000, -48.000000, 0.000000, 0.000000
29788773, 1014.029541, 0.000000, 0.000000, -58.000000, -90.000000, 1.000000, 0.000000, -48.000000, 0.000000, 0.000000
29989819, 922.199768, 0.000000, 0.000000, -58.000000, -90.000000, 1.000000, 0.000000, -48.000000, 0.000000, 0.000000
30202718, 773.189636, 0.000000, 0.000000, -58.000000, -90.000000, 1.000000, 0.000000, -48.000000, 0.000000, 0.000000
30405878, 565.103638, 0.000000, 0.000000, -58.000000, -90.000000, 1.000000, 0.000000, -48.000000, 0.000000, 0.000000
30616889, 399.279205, 0.000000, 0.000000, -58.000000, -90.000000, 1.000000, 0.000000, -48.000000, 0.000000, 0.000000
30819831, 212.162720, 0.000000, 0.000000, -58.000000, -90.000000, 1.000000, 0.000000, -48.000000, 0.000000, 0.000000
31022844, 93.894005, 0.000000, 0.000000, -58.000000, -90.000000, 1.000000, 0.000000, -48.000000, 0.000000, 0.000000
31233778, 21.427044, 0.000000, 0.000000, -58.000000, -90.000000, 1.000000, 0.000000, -48.000000, 0.000000, 0.000000
31435878, 0.000000, 0.000000, 0.000000, -58.000000, -90.000000, 1.000000, 0.000000, -48.000000, 0.000000, 0.000000
31636817, 0.000000, 0.000000, 0.000000, -58.000000, -90.000000, 1.000000, 0.000000, -48.000000, 0.000000, 0.000000
31838813, 0.000000, 0.000000, 0.000000, -58.000000, -90.000000, 1.000000, 0.000000, -48.000000, 0.000000, 0.000000
32039832, 0.000000, 0.000000, 0.000000, -58.000000, -90.000000, 1.000000, 0.000000, -48.000000, 0.000000, 0.000000
32242792, 0.000000, 0.000000, 0.000000, -58.000000, -90.000000, 1.000000, 0.000000, -48.000000, 0.000000, 0.000000
32444739, 0.000000, 0.000000, 0.000000, -58.000000, -90.000000, 1.000000, 0.000000, -48.000000, 0.000000, 0.000000
32655813, 0.000000, 0.000000, 0.000000, -58.000000, -90.000000, 1.000000, 0.000000, -48.000000, 0.000000, 0.000000
32857808, 0.000000, 0.000000, 0.000000, -58.000000, -90.000000, 1.000000, 0.000000, -48.000000, 0.000000, 0.000000
33058866, 0.000000, 0.000000, 0.000000, -58.000000, -90.000000, 1.000000, 0.000000, -48.000000, 0.000000, 0.000000
33260846, 0.000000, 0.000000, 0.000000, -58.000000, -90.000000, 1.000000, 0.000000, -48.000000, 0.000000, 0.000000
33461800, 0.000000, 0.000000, 0.000000, -58.000000, -90.000000, 1.000000, 0.000000, -48.000000, 0.000000, 0.000000
33664836, 0.000000, 0.000000, 0.000000, -58.000000, -90.000000, 1.000000, 0.000000, -48.000000, 0.000000, 0.000000
33866914, 0.000000, 0.000000, 0.000000, -58.000000, -90.000000, 1.000000, 0.000000, -48.000000, 0.000000, 0.000000
34067540, 0.000000, 0.000000, 0.000000, -58.000000, -90.000000, 1.000000, 0.000000, -48.000000, 0.000000, 0.000000
34279728, 0.000000, 0.000000, 0.000000, -58.000000, -90.000000, 1.000000, 0.000000, -48.000000, 0.000000, 0.000000
34480796, 0.000000, 0.000000, 0.000000, -58.000000, -90.000000, 1.000000, 0.000000, -48.000000, 0.000000, 0.000000
34683837, 0.000000, 0.000000, 0.000000, -58.000000, -90.000000, 1.000000, 0.000000, -48.000000, 0.000000, 0.000000
34885832, 0.000000, 0.000000, 0.000000, -58.000000, -90.000000, 1.000000, 0.000000, -48.000000, 0.000000, 0.000000
35086858, 0.000000, 0.000000, 0.000000, -58.000000, -90.000000, 1.000000, 0.000000, -48.000000, 0.000000, 0.000000
35288853, 0.000000, 0.000000, 0.000000, -58.000000, -90.000000, 1.000000, 0.000000, -48.000000, 0.000000, 0.000000
35489872, 0.000000, 0.000000, 0.000000, -58.000000, -90.000000, 1.000000, 0.000000, -48.000000, 0.000000, 0.000000
35692748, 0.000000, 0.000000, 0.000000, -58.000000, -90.000000, 1.000000, 0.000000, -48.000000, 0.000000, 0.000000
35894540, 0.000000, 0.000000, 0.000000, -58.000000, -90.000000, 1.000000, 0.000000, -48.000000, 0.000000, 0.000000
36105766, 0.000000, 0.000000, 0.000000, -58.000000, -90.000000, 1.000000, 0.000000, -48.000000, 0.000000, 0.000000
36307865, 0.000000, 0.000000, 0.000000, -58.000000, -90.000000, 1.000000, 0.000000, -48.000000, 0.000000, 0.000000
36508820, 0.000000, 0.000000, 0.000000, -58.000000, -90.000000, 1.000000, 0.000000, -48.000000, 0.000000, 0.000000
36710799, 0.000000, 0.000000, 0.000000, -58.000000, -90.000000, 1.000000, 0.000000, -48.000000, 0.000000, 0.000000
36911819, 0.000000, 0.000000, 0.000000, -58.000000, -90.000000, 1.000000, 0.000000, -48.000000, 0.000000, 0.000000
37114877, 0.000000, 0.000000, 0.000000, -58.000000, -90.000000, 1.000000, 0.000000, -48.000000, 0.000000, 0.000000
37316869, 0.000000, 0.000000, 0.000000, -58.000000, -90.000000, 1.000000, 0.000000, -48.000000, 0.000000, 0.000000
37517540, 0.000000, 0.000000, 0.000000, -58.000000, -90.000000, 1.000000, 0.000000, -48.000000, 0.000000, 0.000000
37729768, 0.000000, 0.000000, 0.000000, -58.000000, -90.000000, 1.000000, 0.000000, -48.000000, 0.000000, 0.000000
37930853, 0.000000, 0.000000, 0.000000, -58.000000, -90.000000, 1.000000, 0.000000, -48.000000, 0.000000, 0.000000
38133802, 0.000000, 0.000000, 0.000000, -58.000000, -90.000000, 1.000000, 0.000000, -48.000000, 0.000000, 0.000000
38335798, 0.000000, 0.000000, 0.000000, -58.000000, -90.000000, 1.000000, 0.000000, -48.000000, 0.000000, 0.000000
38536823, 0.000000, 0.000000, 0.000000, -58.000000, -90.000000, 1.000000, 0.000000, -48.000000, 0.000000, 0.000000
38738819, 0.000000, 0.000000, 0.000000, -58.000000, -90.000000, 1.000000, 0.000000, -48.000000, 0.000000, 0.000000
38939838, 0.000000, 0.000000, 0.000000, -58.000000, -90.000000, 1.000000, 0.000000, -48.000000, 0.000000, 0.000000
39152761, 157.448181, 0.000000, 0.000000, -58.000000, -90.000000, 1.000000, 0.000000, -48.000000, 0.000000, 0.000000
39355863, 363.382416, 0.000000, 0.000000, -58.000000, -90.000000, 1.000000, 0.000000, -48.000000, 0.000000, 0.000000
39566889, 457.140106, 0.000000, 0.000000, -58.000000, -90.000000, 1.000000, 0.000000, -48.000000, 0.000000, 0.000000
39769835, 461.298218, 0.000000, 0.000000, -58.000000, -90.000000, 1.000000, 0.000000, -48.000000, 0.000000, 0.000000
39972849, 474.117493, 0.000000, 0.000000, -58.000000, -90.000000, 1.000000, 0.000000, -48.000000, 0.000000, 0.000000
40183802, 414.759094, 0.000000, 0.000000, -58.000000, -90.000000, 1.000000, 0.000000, -48.000000, 0.000000, 0.000000
40386825, 275.624817, 0.000000, 0.000000, -58.000000, -90.000000, 1.000000, 0.000000, -48.000000, 0.000000, 0.000000
40589790, 153.981918, 0.000000, 0.000000, -58.000000, -90.000000, 1.000000, 0.000000, -48.000000, 0.000000, 0.000000
40800902, 60.413681, 0.000000, 0.000000, -58.000000, -90.000000, 1.000000, 0.000000, -48.000000, 0.000000, 0.000000
41002779, 17.542627, 0.000000, 0.000000, -58.000000, -90.000000, 1.000000, 0.000000, -48.000000, 0.000000, 0.000000
41213807, 0.000000, 0.000000, 0.000000, -58.000000, -90.000000, 1.000000, 0.000000, -48.000000, 0.000000, 0.000000
41414866, 0.000000, 0.000000, 0.000000, -58.000000, -90.000000, 1.000000, 0.000000, -48.000000, 0.000000, 0.000000
41616866, 0.000000, 0.000000, 0.000000, -58.000000, -90.000000, 1.000000, 0.000000, -48.000000, 0.000000, 0.000000
41817882, 0.000000, 0.000000, 0.000000, -58.000000, -90.000000, 1.000000, 0.000000, -48.000000, 0.000000, 0.000000
42019877, 0.000000, 0.000000, 0.000000, -58.000000, -90.000000, 1.000000, 0.000000, -48.000000, 0.000000, 0.000000
42220543, 108.120705, 0.000000, 0.000000, -58.000000, -90.000000, 1.000000, 0.000000, -48.000000, 0.000000, 0.000000
42433867, 352.722656, 0.000000, 0.000000, -58.000000, -90.000000, 1.000000, 0.000000, -48.000000, 0.000000, 0.000000
42636869, 498.630463, 0.000000, 0.000000, -58.000000, -90.000000, 1.000000, 0.000000, -48.000000, 0.000000, 0.000000
42847842, 392.286743, 0.000000, 0.000000, -58.000000, -90.000000, 1.000000, 0.000000, -48.000000, 0.000000, 0.000000
43050856, 254.639877, 0.000000, 0.000000, -58.000000, -90.000000, 1.000000, 0.000000, -48.000000, 0.000000, 0.000000
43253543, 128.917542, 0.000000, 0.000000, -58.000000, -90.000000, 1.000000, 0.000000, -48.000000, 0.000000, 0.000000
43466846, 49.886768, 0.000000, 0.000000, -58.000000, -90.000000, 1.000000, 0.000000, -48.000000, 0.000000, 0.000000
43669883, 0.000000, 0.000000, 0.000000, -58.000000, -90.000000, 1.000000, 0.000000, -48.000000, 0.000000, 0.000000
43872832, 0.000000, 0.000000, 0.000000, -58.000000, -90.000000, 1.000000, 0.000000, -48.000000, 0.000000, 0.000000
44074915, 36.103893, 0.000000, 0.000000, -58.000000, -90.000000, 1.000000, 0.000000, -48.000000, 0.000000, 0.000000
44275547, 273.179657, 0.000000, 0.000000, -58.000000, -90.000000, 1.000000, 0.000000, -48.000000, 0.000000, 0.000000
44486871, 636.221375, 0.000000, 0.000000, -58.000000, -90.000000, 1.000000, 0.000000, -48.000000, 0.000000, 0.000000
44689801, 757.570374, 0.000000, 0.000000, -58.000000, -90.000000, 1.000000, 0.000000, -48.000000, 0.000000, 0.000000
44900862, 630.794983, 0.000000, 0.000000, -58.000000, -90.000000, 1.000000, 0.000000, -48.000000, 0.000000, 0.000000
45103778, 406.268738, 0.000000, 0.000000, -58.000000, -90.000000, 1.000000, 0.000000, -48.000000, 0.000000, 0.000000
45316914, 242.760620, 0.000000, 0.000000, -58.000000, -90.000000, 1.000000, 0.000000, -48.000000, 0.000000, 0.000000
45519928, 113.216660, 0.000000, 0.000000, -58.000000, -90.000000, 1.000000, 0.000000, -48.000000, 0.000000, 0.000000
45720542, 46.633179, 0.000000, 0.000000, -58.000000, -90.000000, 1.000000, 0.000000, -48.000000, 0.000000, 0.000000
45932772, 0.000000, 0.000000, 0.000000, -58.000000, -90.000000, 1.000000, 0.000000, -48.000000, 0.000000, 0.000000
46133830, 0.000000, 0.000000, 0.000000, -58.000000, -90.000000, 1.000000, 0.000000, -48.000000, 0.000000, 0.000000
46335809, 0.000000, 0.000000, 0.000000, -58.000000, -90.000000, 1.000000, 0.000000, -48.000000, 0.000000, 0.000000
46536851, 0.000000, 0.000000, 0.000000, -58.000000, -90.000000, 1.000000, 0.000000, -48.000000, 0.000000, 0.000000
46739800, 0.000000, 0.000000, 0.000000, -58.000000, -90.000000, 1.000000, 0.000000, -48.000000, 0.000000, 0.000000
46941877, 0.000000, 0.000000, 0.000000, -58.000000, -90.000000, 1.000000, 0.000000, -48.000000, 0.000000, 0.000000
47142540, 0.000000, 0.000000, 0.000000, -58.000000, -90.000000, 1.000000, 0.000000, -48.000000, 0.000000, 0.000000
47354778, 0.000000, 0.000000, 0.000000, -58.000000, -90.000000, 1.000000, 0.000000, -48.000000, 0.000000, 0.000000
47555851, 0.000000, 0.000000, 0.000000, -58.000000, -90.000000, 1.000000, 0.000000, -48.000000, 0.000000, 0.000000
47758800, 0.000000, 0.000000, 0.000000, -58.000000, -90.000000, 1.000000, 0.000000, -48.000000, 0.000000, 0.000000
47960795, 0.000000, 0.000000, 0.000000, -58.000000, -90.000000, 1.000000, 0.000000, -48.000000, 0.000000, 0.000000
48161821, 0.000000, 0.000000, 0.000000, -58.000000, -90.000000, 1.000000, 0.000000, -48.000000, 0.000000, 0.000000
48363816, 0.000000, 0.000000, 0.000000, -58.000000, -90.000000, 1.000000, 0.000000, -48.000000, 0.000000, 0.000000
48564836, 0.000000, 0.000000, 0.000000, -58.000000, -90.000000, 1.000000, 0.000000, -48.000000, 0.000000, 0.000000
48767796, 0.000000, 0.000000, 0.000000, -58.000000, -90.000000, 1.000000, 0.000000, -48.000000, 0.000000, 0.000000
48969540, 0.000000, 0.000000, 0.000000, -58.000000, -90.000000, 1.000000, 0.000000, -48.000000, 0.000000, 0.000000
49180834, 86.302528, 0.000000, 0.000000, -58.000000, -90.000000, 1.000000, 0.000000, -48.000000, 0.000000, 0.000000
49383858, 317.623657, 0.000000, 0.000000, -58.000000, -90.000000, 1.000000, 0.000000, -48.000000, 0.000000, 0.000000
49594936, 515.023682, 0.000000, 0.000000, -58.000000, -90.000000, 1.000000, 0.000000, -48.000000, 0.000000, 0.000000
49797849, 376.217804, 0.000000, 0.000000, -58.000000, -90.000000, 1.000000, 0.000000, -48.000000, 0.000000, 0.000000
50000857, 207.565521, 0.000000, 0.000000, -58.000000, -90.000000, 1.000000, 0.000000, -48.000000, 0.000000, 0.000000
50211815, 81.843185, 0.000000, 0.000000, -58.000000, -90.000000, 1.000000, 0.000000, -48.000000, 0.000000, 0.000000
50413796, 10.526316, 0.000000, 0.000000, -58.000000, -90.000000, 1.000000, 0.000000, -48.000000, 0.000000, 0.000000
50614815, 0.000000, 0.000000, 0.000000, -58.000000, -90.000000, 1.000000, 0.000000, -48.000000, 0.000000, 0.000000
50817776, 0.000000, 0.000000, 0.000000, -58.000000, -90.000000, 1.000000, 0.000000, -48.000000, 0.000000, 0.000000
51019540, 0.000000, 0.000000, 0.000000, -58.000000, -90.000000, 1.000000, 0.000000, -48.000000, 0.000000, 0.000000
51230796, 0.000000, 0.000000, 0.000000, -58.000000, -90.000000, 1.000000, 0.000000, -48.000000, 0.000000, 0.000000
51432809, 50.388023, 0.000000, 0.000000, -58.000000, -90.000000, 1.000000, 0.000000, -48.000000, 0.000000, 0.000000
51633816, 284.086395, 0.000000, 0.000000, -58.000000, -90.000000, 1.000000, 0.000000, -48.000000, 0.000000, 0.000000
51844876, 496.103058, 0.000000, 0.000000, -58.000000, -90.000000, 1.000000, 0.000000, -48.000000, 0.000000, 0.000000
52047890, 449.348877, 0.000000, 0.000000, -58.000000, -90.000000, 1.000000, 0.000000, -48.000000, 0.000000, 0.000000
52258842, 472.978088, 0.000000, 0.000000, -58.000000, -90.000000, 1.000000, 0.000000, -48.000000, 0.000000, 0.000000
52461869, 462.478485, 0.000000, 0.000000, -58.000000, -90.000000, 1.000000, 0.000000, -48.000000, 0.000000, 0.000000
52672904, 395.154480, 0.000000, 0.000000, -58.000000, -90.000000, 1.000000, 0.000000, -48.000000, 0.000000, 0.000000
52875857, 236.389786, 0.000000, 0.000000, -58.000000, -90.000000, 1.000000, 0.000000, -48.000000, 0.000000, 0.000000
53078543, 146.386185, 0.000000, 0.000000, -58.000000, -90.000000, 1.000000, 0.000000, -48.000000, 0.000000, 0.000000
53291909, 24.609516, 0.000000, 0.000000, -58.000000, -90.000000, 1.000000, 0.000000, -48.000000, 0.000000, 0.000000
53494860, 17.542627, 0.000000, 0.000000, -58.000000, -90.000000, 1.000000, 0.000000, -48.000000, 0.000000, 0.000000
53697896, 0.000000, 0.000000, 0.000000, -58.000000, -90.000000, 1.000000, 0.000000, -48.000000, 0.000000, 0.000000
53899891, 0.000000, 0.000000, 0.000000, -58.000000, -90.000000, 1.000000, 0.000000, -48.000000, 0.000000, 0.000000
54100907, 0.000000, 0.000000, 0.000000, -58.000000, -90.000000, 1.000000, 0.000000, -48.000000, 0.000000, 0.000000
54303762, 0.000000, 0.000000, 0.000000, -58.000000, -90.000000, 1.000000, 0.000000, -48.000000, 0.000000, 0.000000
54505946, 0.000000, 0.000000, 0.000000, -58.000000, -90.000000, 1.000000, 0.000000, -48.000000, 0.000000, 0.000000
54716932, 0.000000, 0.000000, 0.000000, -58.000000, -90.000000, 1.000000, 0.000000, -48.000000, 0.000000, 0.000000
54918911, 0.000000, 0.000000, 0.000000, -58.000000, -90.000000, 1.000000, 0.000000, -48.000000, 0.000000, 0.000000
55119826, 0.000000, 0.000000, 0.000000, -58.000000, -90.000000, 1.000000, 0.000000, -48.000000, 0.000000, 0.000000
55321908, 0.000000, 0.000000, 0.000000, -58.000000, -90.000000, 1.000000, 0.000000, -48.000000, 0.000000, 0.000000
55522863, 0.000000, 0.000000, 0.000000, -58.000000, -90.000000, 1.000000, 0.000000, -48.000000, 0.000000, 0.000000
55725898, 0.000000, 0.000000, 0.000000, -58.000000, -90.000000, 1.000000, 0.000000, -48.000000, 0.000000, 0.000000
55927773, 0.000000, 0.000000, 0.000000, -58.000000, -90.000000, 1.000000, 0.000000, -48.000000, 0.000000, 0.000000
56128725, 0.000000, 0.000000, 0.000000, -58.000000, -90.000000, 1.000000, 0.000000, -48.000000, 0.000000, 0.000000
56331298, 0.000000, 0.000000, 0.000000, -58.000000, -90.000000, 1.000000, 0.000000, -48.000000, 0.000000, 0.000000
56541859, 0.000000, 0.000000, 0.000000, -58.000000, -90.000000, 1.000000, 0.000000, -48.000000, 0.000000, 0.000000
56743854, 0.000000, 0.000000, 0.000000, -58.000000, -90.000000, 1.000000, 0.000000, -48.000000, 0.000000, 0.000000
56944896, 0.000000, 0.000000, 0.000000, -58.000000, -90.000000, 1.000000, 0.000000, -48.000000, 0.000000, 0.000000
57147845, 0.000000, 0.000000, 0.000000, -58.000000, -90.000000, 1.000000, 0.000000, -48.000000, 0.000000, 0.000000
57349840, 0.000000, 0.000000, 0.000000, -58.000000, -90.000000, 1.000000, 0.000000, -48.000000, 0.000000, 0.000000
57550856, 0.000000, 0.000000, 0.000000, -58.000000, -90.000000, 1.000000, 0.000000, -48.000000, 0.000000, 0.000000
57753797, 0.000000, 0.000000, 0.000000, -58.000000, -90.000000, 1.000000, 0.000000, -48.000000, 0.000000, 0.000000
57955947, 0.000000, 0.000000, 0.000000, -58.000000, -90.000000, 1.000000, 0.000000, -48.000000, 0.000000, 0.000000
58166881, 0.000000, 0.000000, 0.000000, -58.000000, -90.000000, 1.000000, 0.000000, -48.000000, 0.000000, 0.000000
58368963, 0.000000, 0.000000, 0.000000, -58.000000, -90.000000, 1.000000, 0.000000, -48.000000, 0.000000, 0.000000
58569878, 0.000000, 0.000000, 0.000000, -58.000000, -90.000000, 1.000000, 0.000000, -48.000000, 0.000000, 0.000000
58771874, 0.000000, 0.000000, 0.000000, -58.000000, -90.000000, 1.000000, 0.000000, -48.000000, 0.000000, 0.000000
58972915, 0.000000, 0.000000, 0.000000, -58.000000, -90.000000, 1.000000, 0.000000, -48.000000, 0.000000, 0.000000
59175864, 0.000000, 0.000000, 0.000000, -58.000000, -90.000000, 1.000000, 0.000000, -48.000000, 0.000000, 0.000000
59377739, 0.000000, 0.000000, 0.000000, -58.000000, -90.000000, 1.000000, 0.000000, -48.000000, 0.000000, 0.000000
59578774, 0.000000, 0.000000, 0.000000, -58.000000, -90.000000, 1.000000, 0.000000, -48.000000, 0.000000, 0.000000
59781298, 0.000000, 0.000000, 0.000000, -58.000000, -90.000000, 1.000000, 0.000000, -48.000000, 0.000000, 0.000000
59991911, 0.000000, 0.000000, 0.000000, -58.000000, -90.000000, 1.000000, 0.000000, -48.000000, 0.000000, 0.000000
60194860, 0.000000, 0.000000, 0.000000, -58.000000, -90.000000, 1.000000, 0.000000, -48.000000, 0.000000, 0.000000
60396856, 0.000000, 0.000000, 0.000000, -58.000000, -90.000000, 1.000000, 0.000000, -48.000000, 0.000000, 0.000000
60597897, 0.000000, 0.000000, 0.000000, -58.000000, -90.000000, 1.000000, 0.000000, -48.000000, 0.000000, 0.000000
60799893, 0.000000, 0.000000, 0.000000, -58.000000, -90.000000, 1.000000, 0.000000, -48.000000, 0.000000, 0.000000
61000908, 0.000000, 0.000000, 0.000000, -58.000000, -90.000000, 1.000000, 0.000000, -48.000000, 0.000000, 0.000000
61203763, 0.000000, 0.000000, 0.000000, -58.000000, -90.000000, 1.000000, 0.000000, -48.000000, 0.000000, 0.000000
61405947, 0.000000, 0.000000, 0.000000, -58.000000, -90.000000, 1.000000, 0.000000, -48.000000, 0.000000, 0.000000
61616933, 0.000000, 0.000000, 0.000000, -58.000000, -90.000000, 1.000000, 0.000000, -48.000000, 0.000000, 0.000000
61818929, 0.000000, 0.000000, 0.000000, -58.000000, -90.000000, 1.000000, 0.000000, -48.000000, 0.000000, 0.000000
62019844, 0.000000, 0.000000, 0.000000, -58.000000, -90.000000, 1.000000, 0.000000, -48.000000, 0.000000, 0.000000
62221839, 0.000000, 0.000000, 0.000000, -58.000000, -90.000000, 1.000000, 0.000000, -48.000000, 0.000000, 0.000000
62422855, 21.819769, 0.000000, 0.000000, -58.000000, -90.000000, 1.000000, 0.000000, -48.000000, 0.000000, 0.000000
62625852, 252.936661, 0.000000, 0.000000, -58.000000, -90.000000, 1.000000, 0.000000, -48.000000, 0.000000, 0.000000
62836831, 442.710083, 0.000000, 0.000000, -58.000000, -90.000000, 1.000000, 0.000000, -48.000000, 0.000000, 0.000000
63039848, 417.752136, 0.000000, 0.000000, -58.000000, -90.000000, 1.000000, 0.000000, -48.000000, 0.000000, 0.000000
63250909, 243.323715, 0.000000, 0.000000, -58.000000, -90.000000, 1.000000, 0.000000, -48.000000, 0.000000, 0.000000
63453744, 92.152237, 0.000000, 0.000000, -58.000000, -90.000000, 1.000000, 0.000000, -48.000000, 0.000000, 0.000000
63666479, 21.817783, 0.000000, 0.000000, -58.000000, -90.000000, 1.000000, 0.000000, -48.000000, 0.000000, 0.000000
63868913, 0.000000, 0.000000, 0.000000, -58.000000, -90.000000, 1.000000, 0.000000, -48.000000, 0.000000, 0.000000
64069916, 25.324675, 0.000000, 0.000000, -58.000000, -90.000000, 1.000000, 0.000000, -48.000000, 0.000000, 0.000000
64272842, 234.785553, 0.000000, 0.000000, -58.000000, -90.000000, 1.000000, 0.000000, -48.000000, 0.000000, 0.000000
64483882, 442.164795, 0.000000, 0.000000, -58.000000, -90.000000, 1.000000, 0.000000, -48.000000, 0.000000, 0.000000
64686819, 488.999054, 0.000000, 0.000000, -58.000000, -90.000000, 1.000000, 0.000000, -48.000000, 0.000000, 0.000000
64889783, 300.755890, 0.000000, 0.000000, -58.000000, -90.000000, 1.000000, 0.000000, -48.000000, 0.000000, 0.000000
65100897, 131.813965, 0.000000, 0.000000, -58.000000, -90.000000, 1.000000, 0.000000, -48.000000, 0.000000, 0.000000
65303727, 67.128151, 0.000000, 0.000000, -58.000000, -90.000000, 1.000000, 0.000000, -48.000000, 0.000000, 0.000000
65506303, 0.000000, 0.000000, 0.000000, -58.000000, -90.000000, 1.000000, 0.000000, -48.000000, 0.000000, 0.000000
65716859, 0.000000, 0.000000, 0.000000, -58.000000, -90.000000, 1.000000, 0.000000, -48.000000, 0.000000, 0.000000
65919895, 0.000000, 0.000000, 0.000000, -58.000000, -90.000000, 1.000000, 0.000000, -48.000000, 0.000000, 0.000000
66121891, 0.000000, 0.000000, 0.000000, -58.000000, -90.000000, 1.000000, 0.000000, -48.000000, 0.000000, 0.000000
66322845, 0.000000, 0.000000, 0.000000, -58.000000, -90.000000, 1.000000, 0.000000, -48.000000, 0.000000, 0.000000
66524841, 0.000000, 0.000000, 0.000000, -58.000000, -90.000000, 1.000000, 0.000000, -48.000000, 0.000000, 0.000000
66725856, 0.000000, 0.000000, 0.000000, -58.000000, -90.000000, 1.000000, 0.000000, -48.000000, 0.000000, 0.000000
66928798, 0.000000, 0.000000, 0.000000, -58.000000, -90.000000, 1.000000, 0.000000, -48.000000, 0.000000, 0.000000
67130948, 0.000000, 0.000000, 0.000000, -58.000000, -90.000000, 1.000000, 0.000000, -48.000000, 0.000000, 0.000000
67341881, 0.000000, 0.000000, 0.000000, -58.000000, -90.000000, 1.000000, 0.000000, -48.000000, 0.000000, 0.000000
67543837, 0.000000, 0.000000, 0.000000, -58.000000, -90.000000, 1.000000, 0.000000, -48.000000, 0.000000, 0.000000
67744879, 0.000000, 0.000000, 0.000000, -58.000000, -90.000000, 1.000000, 0.000000, -48.000000, 0.000000, 0.000000
67946874, 0.000000, 0.000000, 0.000000, -58.000000, -90.000000, 1.000000, 0.000000, -48.000000, 0.000000, 0.000000
68147890, 0.000000, 0.000000, 0.000000, -58.000000, -90.000000, 1.000000, 0.000000, -48.000000, 0.000000, 0.000000
68350865, 0.000000, 0.000000, 0.000000, -58.000000, -90.000000, 1.000000, 0.000000, -48.000000, 0.000000, 0.000000
68552739, 0.000000, 0.000000, 0.000000, -58.000000, -90.000000, 1.000000, 0.000000, -48.000000, 0.000000, 0.000000
68753775, 0.000000, 0.000000, 0.000000, -58.000000, -90.000000, 1.000000, 0.000000, -48.000000, 0.000000, 0.000000
68956298, 0.000000, 0.000000, 0.000000, -58.000000, -90.000000, 1.000000, 0.000000, -48.000000, 0.000000, 0.000000
69166912, 0.000000, 0.000000, 0.000000, -58.000000, -90.000000, 1.000000, 0.000000, -48.000000, 0.000000, 0.000000
69369861, 0.000000, 0.000000, 0.000000, -58.000000, -90.000000, 1.000000, 0.000000, -48.000000, 0.000000, 0.000000
69571856, 0.000000, 0.000000, 0.000000, -58.000000, -90.000000, 1.000000, 0.000000, -48.000000, 0.000000, 0.000000
69772898, 0.000000, 0.000000, 0.000000, -58.000000, -90.000000, 1.000000, 0.000000, -48.000000, 0.000000, 0.000000
69974893, 0.000000, 0.000000, 0.000000, -58.000000, -90.000000, 1.000000, 0.000000, -48.000000, 0.000000, 0.000000
70175909, 0.000000, 0.000000, 0.000000, -58.000000, -90.000000, 1.000000, 0.000000, -48.000000, 0.000000, 0.000000
70378763, 0.000000, 0.000000, 0.000000, -58.000000, -90.000000, 1.000000, 0.000000, -48.000000, 0.000000, 0.000000
70581004, 0.000000, 0.000000, 0.000000, -58.000000, -90.000000, 1.000000, 0.000000, -48.000000, 0.000000, 0.000000
70791934, 0.000000, 0.000000, 0.000000, -58.000000, -90.000000, 1.000000, 0.000000, -48.000000, 0.000000, 0.000000
70993890, 0.000000, 0.000000, 0.000000, -58.000000, -90.000000, 1.000000, 0.000000, -48.000000, 0.000000, 0.000000
71194844, 0.000000, 0.000000, 0.000000, -58.000000, -90.000000, 1.000000, 0.000000, -48.000000, 0.000000, 0.000000
71397880, 0.000000, 0.000000, 0.000000, -58.000000, -90.000000, 1.000000, 0.000000, -48.000000, 0.000000, 0.000000
71599876, 0.000000, 0.000000, 0.000000, -58.000000, -90.000000, 1.000000, 0.000000, -48.000000, 0.000000, 0.000000
71800917, 0.000000, 0.000000, 0.000000, -58.000000, -90.000000, 1.000000, 0.000000, -48.000000, 0.000000, 0.000000
72002792, 0.000000, 0.000000, 0.000000, -58.000000, -90.000000, 1.000000, 0.000000, -48.000000, 0.000000, 0.000000
72203746, 0.000000, 0.000000, 0.000000, -58.000000, -90.000000, 1.000000, 0.000000, -48.000000, 0.000000, 0.000000
72406298, 0.000000, 0.000000, 0.000000, -58.000000, -90.000000, 1.000000, 0.000000, -48.000000, 0.000000, 0.000000
72616877, 0.000000, 0.000000, 0.000000, -58.000000, -90.000000, 1.000000, 0.000000, -48.000000, 0.000000, 0.000000
72819827, 0.000000, 0.000000, 0.000000, -58.000000, -90.000000, 1.000000, 0.000000, -48.000000, 0.000000, 0.000000
73021909, 0.000000, 0.000000, 0.000000, -58.000000, -90.000000, 1.000000, 0.000000, -48.000000, 0.000000, 0.000000
73222864, 0.000000, 0.000000, 0.000000, -58.000000, -90.000000, 1.000000, 0.000000, -48.000000, 0.000000, 0.000000
73424859, 0.000000, 0.000000, 0.000000, -58.000000, -90.000000, 1.000000, 0.000000, -48.000000, 0.000000, 0.000000
73625874, 0.000000, 0.000000, 0.000000, -58.000000, -90.000000, 1.000000, 0.000000, -48.000000, 0.000000, 0.000000
73828729, 0.000000, 0.000000, 0.000000, -58.000000, -90.000000, 1.000000, 0.000000, -48.000000, 0.000000, 0.000000
74031298, 101.494347, 0.000000, 0.000000, -58.000000, -90.000000, 1.000000, 0.000000, -48.000000, 0.000000, 0.000000
74241865, 366.734192, 0.000000, 0.000000, -58.000000, -90.000000, 1.000000, 0.000000, -48.000000, 0.000000, 0.000000
74452748, 557.968994, 0.000000, 0.000000, -58.000000, -90.000000, 1.000000, 0.000000, -48.000000, 0.000000, 0.000000
74655878, 658.275635, 0.000000, 0.000000, -58.000000, -90.000000, 1.000000, 0.000000, -48.000000, 0.000000, 0.000000
74866893, 690.743286, 0.000000, 0.000000, -58.000000, -90.000000, 1.000000, 0.000000, -48.000000, 0.000000, 0.000000
75069893, 745.271545, 0.000000, 0.000000, -58.000000, -90.000000, 1.000000, 0.000000, -48.000000, 0.000000, 0.000000
75272906, 740.176086, 0.000000, 0.000000, -58.000000, -90.000000, 1.000000, 0.000000, -48.000000, 0.000000, 0.000000
75483859, 855.366394, 0.000000, 0.000000, -58.000000, -90.000000, 1.000000, 0.000000, -48.000000, 0.000000, 0.000000
75686796, 872.811401, 0.000000, 0.000000, -58.000000, -90.000000, 1.000000, 0.000000, -48.000000, 0.000000, 0.000000
75897834, 938.509399, 0.000000, 0.000000, -58.000000, -90.000000, 1.000000, 0.000000, -48.000000, 0.000000, 0.000000
76100849, 1027.939575, 0.000000, 0.000000, -58.000000, -90.000000, 1.000000, 0.000000, -48.000000, 0.000000, 0.000000
76311803, 1041.900024, 0.000000, 0.000000, -58.000000, -90.000000, 1.000000, 0.000000, -48.000000, 0.000000, 0.000000
76514802, 955.866089, 0.000000, 0.000000, -58.000000, -90.000000, 1.000000, 0.000000, -48.000000, 0.000000, 0.000000
76725867, 793.099670, 0.000000, 0.000000, -58.000000, -90.000000, 1.000000, 0.000000, -48.000000, 0.000000, 0.000000
76928780, 640.393188, 0.000000, 0.000000, -58.000000, -90.000000, 1.000000, 0.000000, -48.000000, 0.000000, 0.000000
77141919, 663.219910, 0.000000, 0.000000, -58.000000, -90.000000, 1.000000, 0.000000, -48.000000, 0.000000, 0.000000
77344846, 774.702637, 0.000000, 0.000000, -58.000000, -90.000000, 1.000000, 0.000000, -48.000000, 0.000000, 0.000000
77555886, 1083.911377, 0.000000, 0.000000, -58.000000, -90.000000, 1.000000, 0.000000, -48.000000, 0.000000, 0.000000
77758803, 1279.448975, 0.000000, 0.000000, -58.000000, -90.000000, 1.000000, 0.000000, -48.000000, 0.000000, 0.000000
77969865, 1474.896729, 0.000000, 0.000000, -58.000000, -90.000000, 1.000000, 0.000000, -48.000000, 0.000000, 0.000000
78180880, 1471.123901, 0.000000, 0.000000, -58.000000, -90.000000, 1.000000, 0.000000, -48.000000, 0.000000, 0.000000
78383797, 1536.822021, 0.000000, 0.000000, -58.000000, -90.000000, 1.000000, 0.000000, -48.000000, 0.000000, 0.000000
78594859, 1710.273438, 0.000000, 0.000000, -58.000000, -90.000000, 1.000000, 0.000000, -48.000000, 0.000000, 0.000000
78805899, 1908.971191, 0.000000, 0.000000, -58.000000, -34.598656, 369.462128, 0.000000, 35.102016, 1.952048, 332.408066
79016907, 1977.410767, 0.000000, 0.000000, -50.000000, -31.536886, 25.407190, 0.000000, 27.694671, 21.710906, -23.998386
79227755, 2116.755859, 0.000000, 0.000000, -32.000000, -25.303028, 30.562389, 0.000000, 10.045458, 31.508500, -10.991569
79438836, 2205.213867, 0.000000, 0.000000, -20.000000, -21.345695, 21.290722, 0.000000, -2.018543, 33.974242, -12.077957
79649906, 2298.271973, 450.000000, 0.000000, -10.000000, -17.182570, 13.741539, 0.000000, -10.773854, 30.789140, -13.815445
79860792, 2214.803223, 0.000000, 0.000000, -1.000000, -20.916698, 1.000000, 0.000000, -29.875048, 19.841060, -24.243760
80061917, 2002.131226, 0.000000, 178.571426, 2.000000, -30.430971, -30.194752, 0.000000, -48.646454, 0.000000, -15.600815
80282837, 1753.630005, 0.000000, 363.636353, -3.000000, -90.000000, -21.150000, 0.000000, -130.500000, 0.000000, 18.000001
80493891, 1563.603394, 0.000000, 363.642975, -15.000000, -90.000000, -33.750000, 0.000000, -112.500000, 0.000000, 0.000000
80704788, 1425.936523, 75.000000, 363.636353, -20.000000, -90.000000, -19.500000, 0.000000, -105.000000, 0.000000, 12.000000
80927769, 1371.381714, 0.000000, 181.804962, -26.000000, -90.000000, -34.799999, 0.000000, -96.000000, 0.000000, -6.000000
81141527, 1367.364380, 74.254486, 0.000000, -32.000000, -90.000000, 1.000000, 0.000000, -87.000000, 0.000000, 12.000000
81344603, 1349.944214, 0.000000, 0.000000, -33.000000, -90.000000, -19.650000, 0.000000, -85.500000, 0.000000, 6.000000
81556329, 1376.199219, 0.000000, 0.000000, -39.000000, -90.000000, 1.000000, 0.000000, -76.500000, 0.000000, 12.000000
81769880, 1374.535767, 0.000000, 0.000000, -42.000000, -90.000000, -27.600000, 0.000000, -72.000000, 0.000000, -6.000000
81980954, 1366.034546, 0.000000, 0.000000, -42.000000, -90.000000, -21.600000, 0.000000, -72.000000, 0.000000, 0.000000
82191918, 1375.615112, 0.000000, 0.000000, -47.000000, -90.000000, 1.000000, 0.000000, -64.500000, 0.000000, 12.000000
82402776, 1358.897217, 0.000000, 0.000000, -44.000000, -90.000000, -20.700001, 0.000000, -69.000000, 0.000000, 0.000000
82614817, 1332.392212, 0.000000, 0.000000, -45.000000, -90.000000, 1.000000, 0.000000, -67.500000, 0.000000, 6.000000
82827729, 1350.786865, 0.000000, 0.000000, -45.000000, -90.000000, 1.000000, 0.000000, -67.500000, 0.000000, 6.000000
83038863, 1379.663696, 0.000000, 0.000000, -45.000000, -90.000000, -20.250000, 0.000000, -67.500000, 0.000000, 0.000000
83249873, 1396.026611, 0.000000, 0.000000, -46.000000, -90.000000, -25.799999, 0.000000, -66.000000, 0.000000, -6.000000
83460890, 1396.883545, 0.000000, 0.000000, -47.000000, -90.000000, -31.350000, 0.000000, -64.500000, 0.000000, -12.000000
83671927, 1387.627808, 0.000000, 0.000000, -49.000000, -90.000000, -18.450001, 0.000000, -61.500000, 0.000000, 0.000000
83882823, 1390.739868, 0.000000, 0.000000, -50.000000, -90.000000, 1.000000, 0.000000, -60.000000, 0.000000, 6.000000
84093906, 1406.754883, 0.000000, 0.000000, -50.000000, -90.000000, 1.000000, 0.000000, -60.000000, 0.000000, 6.000000
84304753, 1406.839722, 0.000000, 0.000000, -51.000000, -90.000000, 1.000000, 0.000000, -58.500000, 0.000000, 6.000000
84506308, 1442.343750, 0.000000, 0.000000, -51.000000, -90.000000, 1.000000, 0.000000, -58.500000, 0.000000, 6.000000
84717760, 1425.124390, 0.000000, 0.000000, -52.000000, -90.000000, 1.000000, 0.000000, -57.000000, 0.000000, 6.000000
84930866, 1433.280884, 0.000000, 0.000000, -51.000000, -90.000000, 1.000000, 0.000000, -58.500000, 0.000000, 6.000000
85141917, 1410.719238, 0.000000, 0.000000, -51.000000, -90.000000, 1.000000, 0.000000, -58.500000, 0.000000, 12.000000
85352757, 1394.925781, 0.000000, 0.000000, -51.000000, -90.000000, 1.000000, 0.000000, -58.500000, 0.000000, 6.000000
85563853, 1375.901367, 0.000000, 0.000000, -51.000000, -90.000000, 1.000000, 0.000000, -58.500000, 0.000000, 6.000000
85774895, 1390.126465, 0.000000, 0.000000, -51.000000, -90.000000, 1.000000, 0.000000, -58.500000, 0.000000, 6.000000
85985826, 1383.381592, 0.000000, 0.000000, -52.000000, -90.000000, 1.000000, 0.000000, -57.000000, 0.000000, 6.000000
86196859, 1361.430786, 0.000000, 0.000000, -52.000000, -90.000000, -17.100000, 0.000000, -57.000000, 0.000000, 0.000000
86407892, 1357.596558, 0.000000, 0.000000, -53.000000, -90.000000, -16.650000, 0.000000, -55.500000, 0.000000, 0.000000
86618913, 1347.723389, 0.000000, 0.000000, -54.000000, -90.000000, -28.200001, 0.000000, -54.000000, 0.000000, -12.000000
86829749, 1336.559326, 0.000000, 0.000000, -55.000000, -90.000000, -15.750000, 0.000000, -52.500000, 0.000000, 0.000000
87041555, 1346.684082, 0.000000, 0.000000, -56.000000, -90.000000, 1.000000, 0.000000, -51.000000, 0.000000, 6.000000
87245924, 1351.253418, 0.000000, 0.000000, -55.000000, -90.000000, -15.750000, 0.000000, -52.500000, 0.000000, 0.000000
87457922, 1351.995361, 0.000000, 0.000000, -55.000000, -90.000000, -21.750000, 0.000000, -52.500000, 0.000000, -6.000000
87668964, 1333.357300, 0.000000, 0.000000, -55.000000, -90.000000, -21.750000, 0.000000, -52.500000, 0.000000, -6.000000
87879787, 1318.898071, 0.000000, 0.000000, -55.000000, -90.000000, -15.750000, 0.000000, -52.500000, 0.000000, 0.000000
88091853, 1334.250366, 0.000000, 0.000000, -57.000000, -90.000000, 1.000000, 0.000000, -49.500000, 0.000000, 12.000000
88302779, 1333.726929, 0.000000, 0.000000, -56.000000, -90.000000, 1.000000, 0.000000, -51.000000, 0.000000, 6.000000
88513896, 1333.267212, 0.000000, 0.000000, -55.000000, -90.000000, -15.750000, 0.000000, -52.500000, 0.000000, 0.000000
88724925, 1319.218750, 0.000000, 0.000000, -56.000000, -90.000000, -15.300000, 0.000000, -51.000000, 0.000000, 0.000000
88935848, 1318.901245, 0.000000, 0.000000, -59.000000, -90.000000, 1.000000, 0.000000, -46.500000, 0.000000, 6.000000
89139810, 1322.997192, 0.000000, 0.000000, -58.000000, -90.000000, 1.000000, 0.000000, -48.000000, 0.000000, 6.000000
89350857, 1332.234863, 0.000000, 0.000000, -57.000000, -90.000000, 1.000000, 0.000000, -49.500000, 0.000000, 6.000000
89561815, 1360.989868, 0.000000, 0.000000, -57.000000, -90.000000, 1.000000, 0.000000, -49.500000, 0.000000, 0.000000
89772877, 1379.925659, 0.000000, 0.000000, -57.000000, -90.000000, 1.000000, 0.000000, -49.500000, 0.000000, 0.000000
89975545, 1369.016113, 0.000000, 0.000000, -57.000000, -90.000000, 1.000000, 0.000000, -49.500000, 0.000000, 0.000000
90186809, 1363.547485, 0.000000, 0.000000, -57.000000, -90.000000, 1.000000, 0.000000, -49.500000, 0.000000, 0.000000
90397871, 1371.014893, 0.000000, 0.000000, -57.000000, -90.000000, 1.000000, 0.000000, -49.500000, 0.000000, 0.000000
90600544, 1375.243896, 0.000000, 0.000000, -57.000000, -90.000000, 1.000000, 0.000000, -49.500000, 0.000000, 0.000000
90811804, 1376.802979, 0.000000, 0.000000, -57.000000, -90.000000, 1.000000, 0.000000, -49.500000, 0.000000, 0.000000
91022866, 1360.459229, 0.000000, 0.000000, -57.000000, -90.000000, 1.000000, 0.000000, -49.500000, 0.000000, 0.000000
91235772, 1364.582764, 0.000000, 0.000000, -57.000000, -90.000000, 1.000000, 0.000000, -49.500000, 0.000000, 0.000000
91436798, 1354.988403, 0.000000, 0.000000, -57.000000, -90.000000, 1.000000, 0.000000, -49.500000, 0.000000, 0.000000
91647860, 1364.329102, 0.000000, 0.000000, -57.000000, -90.000000, 1.000000, 0.000000, -49.500000, 0.000000, 0.000000
91858875, 1353.767090, 0.000000, 0.000000, -57.000000, -90.000000, 1.000000, 0.000000, -49.500000, 0.000000, 0.000000
92061879, 1367.480347, 0.000000, 0.000000, -57.000000, -90.000000, 1.000000, 0.000000, -49.500000, 0.000000, 0.000000
92272915, 1374.056152, 0.000000, 0.000000, -57.000000, -90.000000, 1.000000, 0.000000, -49.500000, 0.000000, 0.000000
92483869, 1379.904053, 0.000000, 0.000000, -57.000000, -90.000000, 1.000000, 0.000000, -49.500000, 0.000000, 0.000000
92686835, 1377.958496, 0.000000, 0.000000, -57.000000, -90.000000, 1.000000, 0.000000, -49.500000, 0.000000, 0.000000
92897909, 1355.495972, 0.000000, 0.000000, -57.000000, -90.000000, 1.000000, 0.000000, -49.500000, 0.000000, 0.000000
93108863, 1358.343872, 0.000000, 0.000000, -57.000000, -90.000000, 1.000000, 0.000000, -49.500000, 0.000000, 0.000000
93311829, 1361.570801, 0.000000, 0.000000, -57.000000, -90.000000, 1.000000, 0.000000, -49.500000, 0.000000, 0.000000
93522903, 1348.396973, 0.000000, 0.000000, -57.000000, -90.000000, 1.000000, 0.000000, -49.500000, 0.000000, 0.000000
93733842, 1320.585938, 0.000000, 0.000000, -57.000000, -90.000000, 1.000000, 0.000000, -49.500000, 0.000000, 0.000000
93936808, 1330.011719, 0.000000, 0.000000, -57.000000, -90.000000, 1.000000, 0.000000, -49.500000, 0.000000, 0.000000
94147898, 1323.749390, 0.000000, 0.000000, -57.000000, -90.000000, 1.000000, 0.000000, -49.500000, 0.000000, 0.000000
94358836, 1313.085815, 0.000000, 0.000000, -57.000000, -90.000000, 1.000000, 0.000000, -49.500000, 0.000000, 0.000000
94569876, 1296.845215, 0.000000, 0.000000, -57.000000, -90.000000, 1.000000, 0.000000, -49.500000, 0.000000, 0.000000
94772892, 1317.299316, 0.000000, 0.000000, -57.000000, -90.000000, 1.000000, 0.000000, -49.500000, 0.000000, 0.000000
94983830, 1314.779663, 0.000000, 0.000000, -57.000000, -90.000000, 1.000000, 0.000000, -49.500000, 0.000000, 0.000000
95194870, 1331.302856, 0.000000, 0.000000, -57.000000, -90.000000, 1.000000, 0.000000, -49.500000, 0.000000, 0.000000
95397880, 1335.891113, 0.000000, 0.000000, -57.000000, -90.000000, 1.000000, 0.000000, -49.500000, 0.000000, 0.000000
95608824, 1338.612671, 0.000000, 0.000000, -57.000000, -90.000000, 1.000000, 0.000000, -49.500000, 0.000000, 0.000000
95819865, 1354.077637, 0.000000, 0.000000, -57.000000, -90.000000, 1.000000, 0.000000, -49.500000, 0.000000, 0.000000
96022874, 1345.744263, 0.000000, 0.000000, -57.000000, -90.000000, 1.000000, 0.000000, -49.500000, 0.000000, 0.000000
96233819, 1330.485474, 0.000000, 0.000000, -57.000000, -90.000000, 1.000000, 0.000000, -49.500000, 0.000000, 0.000000
96444859, 1322.431519, 0.000000, 0.000000, -57.000000, -90.000000, 1.000000, 0.000000, -49.500000, 0.000000, 0.000000
96647833, 1339.095337, 0.000000, 0.000000, -57.000000, -90.000000, 1.000000, 0.000000, -49.500000, 0.000000, 0.000000
96858878, 1344.697388, 0.000000, 0.000000, -57.000000, -90.000000, 1.000000, 0.000000, -49.500000, 0.000000, 0.000000
97069853, 1345.276978, 0.000000, 0.000000, -57.000000, -90.000000, 1.000000, 0.000000, -49.500000, 0.000000, 0.000000
97280765, 1343.898315, 0.000000, 0.000000, -57.000000, -90.000000, 1.000000, 0.000000, -49.500000, 0.000000, 0.000000
97483872, 1355.340942, 0.000000, 0.000000, -57.000000, -90.000000, 1.000000, 0.000000, -49.500000, 0.000000, 0.000000
97694847, 1372.819824, 0.000000, 0.000000, -57.000000, -90.000000, 1.000000, 0.000000, -49.500000, 0.000000, 0.000000
97905862, 1373.463013, 0.000000, 0.000000, -57.000000, -90.000000, 1.000000, 0.000000, -49.500000, 0.000000, 0.000000
98108866, 1388.707764, 0.000000, 0.000000, -57.000000, -90.000000, 1.000000, 0.000000, -49.500000, 0.000000, 0.000000
98319841, 1384.515625, 0.000000, 0.000000, -57.000000, -90.000000, 1.000000, 0.000000, -49.500000, 0.000000, 0.000000
98530857, 1355.223389, 0.000000, 0.000000, -57.000000, -90.000000, 1.000000, 0.000000, -49.500000, 0.000000, 0.000000
98733860, 1355.623901, 0.000000, 0.000000, -57.000000, -90.000000, 1.000000, 0.000000, -49.500000, 0.000000, 0.000000
98944922, 1368.076538, 0.000000, 0.000000, -57.000000, -90.000000, 1.000000, 0.000000, -49.500000, 0.000000, 0.000000
99155851, 1378.229980, 0.000000, 0.000000, -57.000000, -90.000000, 1.000000, 0.000000, -49.500000, 0.000000, 0.000000
99358854, 1399.485352, 0.000000, 0.000000, -57.000000, -90.000000, 1.000000, 0.000000, -49.500000, 0.000000, 0.000000
99569891, 1399.077637, 0.000000, 0.000000, -57.000000, -90.000000, 1.000000, 0.000000, -49.500000, 0.000000, 0.000000
99780845, 1400.582642, 0.000000, 0.000000, -57.000000, -90.000000, 1.000000, 0.000000, -49.500000, 0.000000, 0.000000
99991909, 1412.273804, 0.000000, 0.000000, -57.000000, -90.000000, 1.000000, 0.000000, -49.500000, 0.000000, 0.000000
100194885, 1409.278931, 0.000000, 0.000000, -57.000000, -90.000000, 1.000000, 0.000000, -49.500000, 0.000000, 0.000000
100405839, 1359.921265, 0.000000, 0.000000, -57.000000, -90.000000, 1.000000, 0.000000, -49.500000, 0.000000, 0.000000
100616864, 1333.149658, 0.000000, 0.000000, -57.000000, -90.000000, 1.000000, 0.000000, -49.500000, 0.000000, 0.000000
100819879, 1318.933105, 0.000000, 0.000000, -57.000000, -90.000000, 1.000000, 0.000000, -49.500000, 0.000000, 0.000000
101030879, 1336.125977, 0.000000, 0.000000, -57.000000, -90.000000, 1.000000, 0.000000, -49.500000, 0.000000, 0.000000
101241858, 1361.962036, 0.000000, 0.000000, -57.000000, -90.000000, 1.000000, 0.000000, -49.500000, 0.000000, 0.000000
101444873, 1383.153320, 0.000000, 0.000000, -57.000000, -90.000000, 1.000000, 0.000000, -49.500000, 0.000000, 0.000000
101655879, 1364.283447, 0.000000, 0.000000, -57.000000, -90.000000, 1.000000, 0.000000, -49.500000, 0.000000, 0.000000
101866852, 1373.529175, 0.000000, 0.000000, -57.000000, -90.000000, 1.000000, 0.000000, -49.500000, 0.000000, 0.000000
102069862, 1352.674072, 0.000000, 0.000000, -57.000000, -90.000000, 1.000000, 0.000000, -49.500000, 0.000000, 0.000000
102280880, 1348.728638, 0.000000, 0.000000, -57.000000, -90.000000, 1.000000, 0.000000, -49.500000, 0.000000, 0.000000
102491846, 1348.330933, 0.000000, 0.000000, -57.000000, -90.000000, 1.000000, 0.000000, -49.500000, 0.000000, 0.000000
102694859, 1370.522461, 0.000000, 0.000000, -57.000000, -90.000000, 1.000000, 0.000000, -49.500000, 0.000000, 0.000000
102905880, 1368.712402, 0.000000, 0.000000, -57.000000, -90.000000, 1.000000, 0.000000, -49.500000, 0.000000, 0.000000
103116840, 1384.872925, 0.000000, 0.000000, -57.000000, -90.000000, 1.000000, 0.000000, -49.500000, 0.000000, 0.000000
103327726, 1376.563232, 0.000000, 0.000000, -57.000000, -90.000000, 1.000000, 0.000000, -49.500000, 0.000000, 0.000000
103530882, 1358.530640, 0.000000, 0.000000, -57.000000, -90.000000, 1.000000, 0.000000, -49.500000, 0.000000, 0.000000
103741921, 1370.799072, 0.000000, 0.000000, -57.000000, -90.000000, 1.000000, 0.000000, -49.500000, 0.000000, 0.000000
103952720, 1366.634644, 0.000000, 0.000000, -57.000000, -90.000000, 1.000000, 0.000000, -49.500000, 0.000000, 0.000000
104155946, 1348.122314, 0.000000, 0.000000, -57.000000, -90.000000, 1.000000, 0.000000, -49.500000, 0.000000, 0.000000
104366916, 1352.280029, 0.000000, 0.000000, -57.000000, -90.000000, 1.000000, 0.000000, -49.500000, 0.000000, 0.000000
104577761, 1354.936890, 0.000000, 0.000000, -57.000000, -90.000000, 1.000000, 0.000000, -49.500000, 0.000000, 0.000000
104780946, 1365.220337, 0.000000, 0.000000, -57.000000, -90.000000, 1.000000, 0.000000, -49.500000, 0.000000, 0.000000
104991910, 1375.604858, 0.000000, 0.000000, -57.000000, -90.000000, 1.000000, 0.000000, -49.500000, 0.000000, 0.000000
105202755, 1411.576050, 0.000000, 0.000000, -57.000000, -90.000000, 1.000000, 0.000000, -49.500000, 0.000000, 0.000000
105405931, 1423.026733, 0.000000, 0.000000, -57.000000, -90.000000, 1.000000, 0.000000, -49.500000, 0.000000, 0.000000
105616904, 1417.109863, 0.000000, 0.000000, -57.000000, -90.000000, 1.000000, 0.000000, -49.500000, 0.000000, 0.000000
105827750, 1413.203735, 0.000000, 0.000000, -57.000000, -90.000000, 1.000000, 0.000000, -49.500000, 0.000000, 0.000000
106028549, 1412.560059, 0.000000, 0.000000, -57.000000, -90.000000, 1.000000, 0.000000, -49.500000, 0.000000, 0.000000
106241898, 1390.497314, 0.000000, 0.000000, -57.000000, -90.000000, 1.000000, 0.000000, -49.500000, 0.000000, 0.000000
106452744, 1392.482178, 0.000000, 0.000000, -57.000000, -90.000000, 1.000000, 0.000000, -49.500000, 0.000000, 0.000000
106653543, 1390.980103, 0.000000, 0.000000, -57.000000, -90.000000, 1.000000, 0.000000, -49.500000, 0.000000, 0.000000
106866867, 1386.265991, 0.000000, 0.000000, -57.000000, -90.000000, 1.000000, 0.000000, -49.500000, 0.000000, 0.000000
107077738, 1365.875732, 0.000000, 0.000000, -57.000000, -90.000000, 1.000000, 0.000000, -49.500000, 0.000000, 0.000000
107288823, 1380.268921, 0.000000, 0.000000, -57.000000, -90.000000, 1.000000, 0.000000, -49.500000, 0.000000, 0.000000
107489849, 1361.247314, 0.000000, 0.000000, -57.000000, -90.000000, 1.000000, 0.000000, -49.500000, 0.000000, 0.000000
107700911, 1361.250366, 0.000000, 0.000000, -57.000000, -90.000000, 1.000000, 0.000000, -49.500000, 0.000000, 0.000000
107913817, 1359.054077, 0.000000, 0.000000, -57.000000, -90.000000, 1.000000, 0.000000, -49.500000, 0.000000, 0.000000
108114847, 1345.818848, 0.000000, 0.000000, -57.000000, -90.000000, 1.000000, 0.000000, -49.500000, 0.000000, 0.000000
108325880, 1349.020752, 0.000000, 0.000000, -57.000000, -90.000000, 1.000000, 0.000000, -49.500000, 0.000000, 0.000000
108536834, 1361.968628, 0.000000, 0.000000, -57.000000, -90.000000, 1.000000, 0.000000, -49.500000, 0.000000, 0.000000
108739800, 1365.871826, 0.000000, 0.000000, -57.000000, -90.000000, 1.000000, 0.000000, -49.500000, 0.000000, 0.000000
108950874, 1370.479858, 0.000000, 0.000000, -57.000000, -90.000000, 1.000000, 0.000000, -49.500000, 0.000000, 0.000000
109161828, 1350.609497, 0.000000, 0.000000, -57.000000, -90.000000, 1.000000, 0.000000, -49.500000, 0.000000, 0.000000
109364796, 1355.221924, 0.000000, 0.000000, -57.000000, -90.000000, 1.000000, 0.000000, -49.500000, 0.000000, 0.000000
109575868, 1347.571045, 0.000000, 0.000000, -57.000000, -90.000000, 1.000000, 0.000000, -49.500000, 0.000000, 0.000000
109786807, 1343.540649, 0.000000, 0.000000, -57.000000, -90.000000, 1.000000, 0.000000, -49.500000, 0.000000, 0.000000
109999967, 1358.335815, 0.000000, 0.000000, -57.000000, -90.000000, 1.000000, 0.000000, -49.500000, 0.000000, 0.000000
110200880, 1370.680786, 0.000000, 0.000000, -57.000000, -90.000000, 1.000000, 0.000000, -49.500000, 0.000000, 0.000000
110411818, 1378.030518, 0.000000, 0.000000, -57.000000, -90.000000, 1.000000, 0.000000, -49.500000, 0.000000, 0.000000
110624896, 1376.153076, 0.000000, 0.000000, -57.000000, -90.000000, 1.000000, 0.000000, -49.500000, 0.000000, 0.000000
110825871, 1392.263794, 0.000000, 0.000000, -57.000000, -90.000000, 1.000000, 0.000000, -49.500000, 0.000000, 0.000000
111036813, 1417.905884, 0.000000, 0.000000, -57.000000, -90.000000, 1.000000, 0.000000, -49.500000, 0.000000, 0.000000
111249887, 1401.230103, 0.000000, 0.000000, -57.000000, -90.000000, 1.000000, 0.000000, -49.500000, 0.000000, 0.000000
111450862, 1413.051147, 0.000000, 0.000000, -57.000000, -90.000000, 1.000000, 0.000000, -49.500000, 0.000000, 0.000000
111661807, 1425.508179, 0.000000, 0.000000, -57.000000, -90.000000, 1.000000, 0.000000, -49.500000, 0.000000, 0.000000
111872847, 1416.103760, 0.000000, 0.000000, -57.000000, -90.000000, 1.000000, 0.000000, -49.500000, 0.000000, 0.000000
112075903, 1422.037231, 0.000000, 0.000000, -57.000000, -90.000000, 1.000000, 0.000000, -49.500000, 0.000000, 0.000000
112286801, 1419.413574, 0.000000, 0.000000, -57.000000, -90.000000, 1.000000, 0.000000, -49.500000, 0.000000, 0.000000
112497841, 1398.972290, 0.000000, 0.000000, -57.000000, -90.000000, 1.000000, 0.000000, -49.500000, 0.000000, 0.000000
112700544, 1393.084961, 0.000000, 0.000000, -57.000000, -90.000000, 1.000000, 0.000000, -49.500000, 0.000000, 0.000000
112911860, 1395.372192, 0.000000, 0.000000, -57.000000, -90.000000, 1.000000, 0.000000, -49.500000, 0.000000, 0.000000
113122922, 1390.493408, 0.000000, 0.000000, -57.000000, -90.000000, 1.000000, 0.000000, -49.500000, 0.000000, 0.000000
113325544, 1400.919434, 0.000000, 0.000000, -57.000000, -90.000000, 1.000000, 0.000000, -49.500000, 0.000000, 0.000000
113536854, 1415.261841, 0.000000, 0.000000, -57.000000, -90.000000, 1.000000, 0.000000, -49.500000, 0.000000, 0.000000
113747916, 1432.922241, 0.000000, 0.000000, -57.000000, -90.000000, 1.000000, 0.000000, -49.500000, 0.000000, 0.000000
113950548, 1434.377075, 0.000000, 0.000000, -57.000000, -90.000000, 1.000000, 0.000000, -49.500000, 0.000000, 0.000000
114161848, 1435.515991, 0.000000, 0.000000, -57.000000, -90.000000, 1.000000, 0.000000, -49.500000, 0.000000, 0.000000
114372911, 1435.580322, 0.000000, 0.000000, -57.000000, -90.000000, 1.000000, 0.000000, -49.500000, 0.000000, 0.000000
114583839, 1434.376709, 0.000000, 0.000000, -57.000000, -90.000000, 1.000000, 0.000000, -49.500000, 0.000000, 0.000000
114786843, 1418.460449, 0.000000, 0.000000, -57.000000, -90.000000, 1.000000, 0.000000, -49.500000, 0.000000, 0.000000
114997905, 1415.503540, 0.000000, 0.000000, -57.000000, -90.000000, 1.000000, 0.000000, -49.500000, 0.000000, 0.000000
115208833, 1412.885986, 0.000000, 0.000000, -57.000000, -90.000000, 1.000000, 0.000000, -49.500000, 0.000000, 0.000000
115411799, 1412.185181, 0.000000, 0.000000, -57.000000, -90.000000, 1.000000, 0.000000, -49.500000, 0.000000, 0.000000
115622873, 1389.403076, 0.000000, 0.000000, -57.000000, -90.000000, 1.000000, 0.000000, -49.500000, 0.000000, 0.000000
115833827, 1360.358765, 0.000000, 0.000000, -57.000000, -90.000000, 1.000000, 0.000000, -49.500000, 0.000000, 0.000000
116036795, 1357.069214, 0.000000, 0.000000, -57.000000, -90.000000, 1.000000, 0.000000, -49.500000, 0.000000, 0.000000
116247867, 1376.795166, 0.000000, 0.000000, -57.000000, -90.000000, 1.000000, 0.000000, -49.500000, 0.000000, 0.000000
116458791, 1378.306885, 0.000000, 0.000000, -57.000000, -90.000000, 1.000000, 0.000000, -49.500000, 0.000000, 0.000000
116661867, 1421.267456, 0.000000, 0.000000, -57.000000, -90.000000, 1.000000, 0.000000, -49.500000, 0.000000, 0.000000
116872862, 1433.832153, 0.000000, 0.000000, -57.000000, -90.000000, 1.000000, 0.000000, -49.500000, 0.000000, 0.000000
117083800, 1444.662231, 0.000000, 0.000000, -57.000000, -90.000000, 1.000000, 0.000000, -49.500000, 0.000000, 0.000000
117294840, 1534.871094, 0.000000, 0.000000, -57.000000, -90.000000, 1.000000, 0.000000, -49.500000, 0.000000, 0.000000
117497856, 1617.641235, 0.000000, 0.000000, -57.000000, -90.000000, 1.000000, 0.000000, -49.500000, 0.000000, 0.000000
117708794, 1648.321411, 0.000000, 0.000000, -57.000000, -90.000000, 1.000000, 0.000000, -49.500000, 0.000000, 0.000000
117919921, 1581.094727, 0.000000, 0.000000, -57.000000, -90.000000, 1.000000, 0.000000, -49.500000, 0.000000, 0.000000
118122844, 1539.974365, 0.000000, 0.000000, -57.000000, -90.000000, 1.000000, 0.000000, -49.500000, 0.000000, 0.000000
118333875, 1488.509399, 0.000000, 0.000000, -57.000000, -90.000000, 1.000000, 0.000000, -49.500000, 0.000000, 0.000000
118544829, 1431.262817, 0.000000, 0.000000, -57.000000, -90.000000, 1.000000, 0.000000, -49.500000, 0.000000, 0.000000
118747925, 1417.248779, 0.000000, 0.000000, -57.000000, -90.000000, 1.000000, 0.000000, -49.500000, 0.000000, 0.000000
118958869, 1375.886353, 0.000000, 0.000000, -57.000000, -90.000000, 1.000000, 0.000000, -49.500000, 0.000000, 0.000000
119169910, 1373.262695, 0.000000, 0.000000, -57.000000, -90.000000, 1.000000, 0.000000, -49.500000, 0.000000, 0.000000
119372887, 1370.851685, 0.000000, 0.000000, -57.000000, -90.000000, 1.000000, 0.000000, -49.500000, 0.000000, 0.000000
119593987, 1388.749512, 147.783249, 0.000000, -57.000000, -90.000000, 1.000000, 0.000000, -49.500000, 0.000000, 0.000000
119794881, 1401.919434, 0.000000, 0.000000, -57.000000, -90.000000, 1.000000, 0.000000, -49.500000, 0.000000, 0.000000
120005879, 1388.232178, 0.000000, 0.000000, -57.000000, -90.000000, 1.000000, 0.000000, -49.500000, 0.000000, 0.000000
120216860, 1393.861816, 0.000000, 0.000000, -57.000000, -90.000000, 1.000000, 0.000000, -49.500000, 0.000000, 0.000000
120419870, 1391.019043, 0.000000, 0.000000, -57.000000, -90.000000, 1.000000, 0.000000, -49.500000, 0.000000, 0.000000
120630880, 1412.399048, 0.000000, 0.000000, -57.000000, -90.000000, 1.000000, 0.000000, -49.500000, 0.000000, 0.000000
120841854, 1406.122314, 0.000000, 0.000000, -57.000000, -90.000000, 1.000000, 0.000000, -49.500000, 0.000000, 0.000000
121052739, 1405.315186, 0.000000, 0.000000, -57.000000, -90.000000, 1.000000, 0.000000, -49.500000, 0.000000, 0.000000
121255880, 1415.747559, 0.000000, 0.000000, -57.000000, -90.000000, 1.000000, 0.000000, -49.500000, 0.000000, 0.000000
121466849, 1392.054565, 0.000000, 0.000000, -57.000000, -90.000000, 1.000000, 0.000000, -49.500000, 0.000000, 0.000000
121677734, 1402.501587, 0.000000, 0.000000, -57.000000, -90.000000, 1.000000, 0.000000, -49.500000, 0.000000, 0.000000
121880930, 1415.426514, 0.000000, 0.000000, -57.000000, -90.000000, 1.000000, 0.000000, -49.500000, 0.000000, 0.000000
122091843, 1435.678101, 0.000000, 0.000000, -57.000000, -90.000000, 1.000000, 0.000000, -49.500000, 0.000000, 0.000000
122302728, 1439.043457, 0.000000, 0.000000, -57.000000, -90.000000, 1.000000, 0.000000, -49.500000, 0.000000, 0.000000
122505946, 1435.066406, 0.000000, 0.000000, -57.000000, -90.000000, 1.000000, 0.000000, -49.500000, 0.000000, 0.000000
122716924, 1433.512939, 0.000000, 0.000000, -57.000000, -90.000000, 1.000000, 0.000000, -49.500000, 0.000000, 0.000000
122927769, 1416.495605, 0.000000, 0.000000, -57.000000, -90.000000, 1.000000, 0.000000, -49.500000, 0.000000, 0.000000
123130947, 1386.603760, 0.000000, 0.000000, -57.000000, -90.000000, 1.000000, 0.000000, -49.500000, 0.000000, 0.000000
123341918, 1385.689941, 0.000000, 0.000000, -57.000000, -90.000000, 1.000000, 0.000000, -49.500000, 0.000000, 0.000000
123552763, 1379.307373, 0.000000, 0.000000, -57.000000, -90.000000, 1.000000, 0.000000, -49.500000, 0.000000, 0.000000
123755947, 1389.337524, 0.000000, 0.000000, -57.000000, -90.000000, 1.000000, 0.000000, -49.500000, 0.000000, 0.000000
123966912, 1381.360962, 0.000000, 0.000000, -57.000000, -90.000000, 1.000000, 0.000000, -49.500000, 0.000000, 0.000000
124177758, 1373.883789, 0.000000, 0.000000, -57.000000, -90.000000, 1.000000, 0.000000, -49.500000, 0.000000, 0.000000
124378549, 1361.975952, 0.000000, 0.000000, -57.000000, -90.000000, 1.000000, 0.000000, -49.500000, 0.000000, 0.000000
124591884, 1362.608398, 0.000000, 0.000000, -57.000000, -90.000000, 1.000000, 0.000000, -49.500000, 0.000000, 0.000000
124802752, 1354.071289, 0.000000, 0.000000, -57.000000, -90.000000, 1.000000, 0.000000, -49.500000, 0.000000, 0.000000
125013750, 1376.754517, 0.000000, 0.000000, -57.000000, -90.000000, 1.000000, 0.000000, -49.500000, 0.000000, 0.000000
125214863, 1383.265991, 0.000000, 0.000000, -57.000000, -90.000000, 1.000000, 0.000000, -49.500000, 0.000000, 0.000000
125425838, 1411.344360, 0.000000, 0.000000, -57.000000, -90.000000, 1.000000, 0.000000, -49.500000, 0.000000, 0.000000
125638745, 1563.195435, 298.507446, 0.000000, -57.000000, -90.000000, 1.000000, 0.000000, -49.500000, 0.000000, 0.000000
125849876, 1794.248901, 0.000000, 0.000000, -57.000000, -90.000000, 1.000000, 0.000000, -49.500000, 0.000000, 0.000000
126060789, 1989.441284, 0.000000, 0.000000, -55.000000, -30.998680, 47.989395, 0.000000, 36.001980, 10.997591, 0.989822
126271958, 2061.701904, 0.000000, 0.000000, -48.000000, -27.765968, 52.024689, 0.000000, 30.351048, 30.247808, -8.574166
126472567, 2107.799316, 0.000000, 0.000000, -27.000000, -25.703716, 10.568263, 0.000000, 1.944426, 39.210530, -30.586692
126683896, 2124.414795, 0.000000, 0.000000, -14.000000, -24.960392, 18.529730, 0.000000, -16.440588, 33.824189, -10.362282
126894902, 2164.479980, 0.000000, 0.000000, -4.000000, -23.167999, 1.710868, 0.000000, -28.751999, 20.541989, -10.205521
127105831, 2161.229736, 0.000000, 0.000000, 0.000000, -23.313408, 1.000000, 0.000000, -34.970112, 2.087084, 0.820335
127308889, 2141.517822, 0.000000, 0.000000, 0.000000, -24.195255, 1.000000, 0.000000, -36.292883, 0.000000, -1.530190
127511808, 2165.517334, 0.000000, 0.000000, 0.000000, -23.121593, 1.000000, 0.000000, -34.682390, 0.000000, 0.638214
127722929, 2186.945557, 0.000000, 181.831406, 0.000000, -22.162962, 1.000000, 0.000000, -33.244443, 0.000000, 1.858109
127935770, 2182.057861, 74.626495, 357.168365, 0.000000, -22.381622, 1.000000, 0.000000, -33.572433, 0.000000, 1.165947
128136813, 2173.911377, 0.000000, 357.142853, 0.000000, -22.746071, 1.000000, 0.000000, -34.119106, 0.000000, -4.164002
128347935, 2174.347412, 74.997002, 535.723877, 0.000000, -22.726562, 1.000000, 0.000000, -34.089844, 0.000000, -0.212585
128558818, 2179.863770, 71.081963, 535.714294, 0.000000, -22.479778, 1.000000, 0.000000, -33.719667, 0.000000, 4.569454
128769840, 2184.350830, 75.000000, 535.714294, 0.000000, -22.279041, 1.000000, 0.000000, -33.418562, 0.000000, 2.699810
128980878, 2199.617920, 74.997002, 535.714294, 0.000000, -21.596041, 1.000000, 0.000000, -32.394061, 0.000000, 0.207539
129191926, 2205.335205, 71.103523, 545.494202, 0.000000, -21.340267, 1.000000, 0.000000, -32.010401, 0.000000, 1.326439
129402775, 2223.831055, 150.000000, 545.494202, 0.000000, -20.512821, 1.000000, 0.000000, -30.769232, 0.000000, 0.350395
129613871, 2260.182129, 74.997002, 535.676025, 0.000000, -18.886589, 1.000000, 0.000000, -28.329884, 0.000000, 2.246590
129824893, 2256.552979, 71.081963, 545.414856, 0.000000, -19.048946, 1.000000, 0.000000, -28.573420, 0.000000, -1.535431
130035855, 2270.787842, 75.000000, 545.454529, 0.000000, -18.412123, 1.000000, 0.000000, -27.618184, 0.000000, 2.370506
130246882, 2276.886963, 74.996620, 545.454529, 0.000000, -18.139267, 1.000000, 0.000000, -27.208900, 0.000000, -0.978069
130457812, 2359.027588, 71.103523, 545.454529, 0.000000, -14.464556, 1.000000, 0.000000, -21.696834, 0.000000, 4.131168
130668897, 2451.006348, 150.000000, 727.259460, 0.000000, -10.349716, 1.357333, 0.000000, -15.524574, 0.000000, 6.014706
130879812, 2590.629883, 74.997375, 545.454529, 0.000000, -4.103401, 8.090935, 0.000000, -6.155102, 0.000000, 9.937465
131081013, 2719.672852, 71.042236, 727.206604, 0.000000, 1.669575, 8.304994, 0.000000, 2.504362, 0.307238, 5.493393
131291926, 2805.438477, 149.344376, 714.234741, 0.000000, 5.506458, 14.092133, 0.000000, 8.259687, 3.830370, 2.002075
131502755, 2823.364746, 71.099144, 714.285706, 0.000000, 6.308422, 13.963958, 0.000000, 9.462633, 9.296719, -4.795395
131713876, 2825.593506, 142.175385, 727.325623, 7.000000, 6.408131, 1.000000, 0.000000, -0.887804, 11.769498, -11.591332
131924940, 2777.996826, 497.583191, 727.325623, 8.000000, 4.278805, 4.220031, 0.000000, -5.581793, 9.657317, -3.762749
132125917, 2765.893066, 142.198975, 714.285706, 8.000000, 3.737324, 3.955647, 0.000000, -6.394014, 6.151577, -0.277725
132336877, 2815.887207, 74.626862, 714.234741, 8.000000, 5.973904, 7.265828, 0.000000, -3.039145, 3.386823, 4.790749
132549935, 2936.289062, 149.255966, 899.232056, 8.000000, 11.360302, 16.426914, 0.000000, 5.040453, 4.209596, 7.176864
132760834, 3044.396973, 142.202332, 727.272705, 8.000000, 16.196705, 30.325983, 0.000000, 12.295057, 9.111196, 8.919731
132971941, 3151.339111, 149.994003, 909.090942, 14.000000, 21.948578, 25.256477, 0.000000, 11.922867, 16.689246, -3.355637
133183888, 3220.399414, 74.629837, 892.857117, 23.000000, 29.695124, 27.880310, 0.000000, 10.042686, 22.898854, -5.061230
133404786, 3244.680908, 214.252045, 909.190125, 35.000000, 39.123611, 29.896135, 0.000000, 6.185417, 27.170496, -3.459778
133616575, 3242.553223, 149.994751, 1090.909058, 46.000000, 48.804173, 31.107027, 0.000000, 4.206259, 30.389820, -3.489052
133827755, 3276.906006, 149.259674, 1071.352051, 58.000000, 59.127800, 31.642601, 0.000000, 1.691700, 31.708667, -1.757767
134049904, 3282.122803, 142.878922, 1079.059082, 70.000000, 70.156837, 30.857334, 0.000000, 0.235256, 31.885278, -1.263199
134260902, 3296.989990, 223.871674, 1272.727295, 83.000000, 81.787941, 24.810196, 0.000000, -1.818089, 31.565094, -6.209473
134482770, 3328.229492, 142.840820, 1428.571411, 96.000000, 94.092422, 30.882879, 0.000000, -2.861366, 30.350145, 1.391144
134696905, 3366.153076, 221.674881, 1624.519409, 108.000000, 108.058022, 33.600040, 0.000000, 0.087032, 29.901711, 3.611298
134918871, 3400.549316, 225.000000, 1636.244629, 121.000000, 123.407181, 34.493404, 0.000000, 3.610771, 31.168325, -0.285690
135141559, 3413.208496, 374.998108, 1618.297607, 134.000000, 139.726501, 49.857155, 0.000000, 8.589752, 34.569771, 6.697632
135354776, 3422.390625, 295.556305, 1785.714233, 151.000000, 156.561935, 43.305553, 0.000000, 8.342903, 39.559604, -4.596954
135577733, 3422.052734, 284.412750, 1818.181885, 170.000000, 173.523163, 44.246010, 0.000000, 5.284744, 43.726676, -4.765411
135789824, 3422.940918, 223.881699, 2000.145508, 188.000000, 190.576279, 51.373150, 0.000000, 3.864418, 46.203189, 1.305542
136010840, 3415.631592, 299.988007, 2181.976807, 208.000000, 207.313507, 41.440742, 0.000000, -1.029739, 46.801361, -5.051697
136232915, 3383.437744, 357.190491, 2321.428467, 226.000000, 223.438782, 43.501236, 0.000000, -3.841827, 45.500099, -0.846313
136454785, 3349.713135, 375.000000, 2527.121338, 245.000000, 238.208389, 29.535208, 0.000000, -10.187416, 41.496400, -8.904968
136677738, 3283.110840, 375.000000, 2545.223145, 260.000000, 250.706558, 29.859886, 0.000000, -13.940163, 34.618351, -0.576416
136891565, 3247.677490, 369.458130, 2727.074463, 273.000000, 261.369354, 17.713333, 0.000000, -17.445969, 25.635478, -2.688354
137113897, 3231.394287, 449.981995, 2877.542480, 283.000000, 270.971130, 11.922403, 0.000000, -18.043304, 14.986701, 2.348694
137325956, 3199.348389, 426.489746, 2982.456055, 290.000000, 279.639465, 6.563347, 0.000000, -15.540802, 4.953310, 6.272278
137546947, 3185.769043, 447.763397, 3090.909180, 293.000000, 287.319305, 14.693687, 0.000000, -8.521042, 0.000000, 17.250000
137768922, 3196.446777, 785.834045, 3090.909180, 284.000000, 295.064819, 38.300117, 0.000000, 16.597229, 3.587714, 18.115173
137991528, 3212.671631, 450.000000, 2909.355469, 291.000000, 300.000000, 14.582428, 0.000000, 13.500000, 13.082428, -12.000000
138204736, 3207.758057, 443.349762, 3091.134033, 302.000000, 300.000000, 1.000000, 0.000000, -3.000000, 16.064428, -18.000001
138427808, 3196.138184, 449.981995, 3035.931152, 301.000000, 300.000000, 24.674429, 0.000000, -1.500000, 13.124428, 12.000000
138641543, 3171.472900, 443.365021, 3069.256836, 299.000000, 300.000000, 9.968429, 0.000000, 1.500000, 14.468428, -6.000000
138863792, 3139.289307, 447.763397, 3090.684326, 303.000000, 300.000000, 17.186428, 0.000000, -4.500000, 12.536428, 6.000000
139075543, 3095.909180, 497.545441, 3057.499023, 296.000000, 300.000000, 25.124428, 0.000000, 6.000000, 13.124428, 6.000000
139296924, 2929.352539, 430.556091, 2545.454590, 302.000000, 299.444977, 1.000000, 0.000000, -3.832535, 13.851896, -14.929688
139518911, 2631.041992, 375.000000, 2321.428467, 308.000000, 290.597351, -28.102940, 0.000000, -26.103973, 5.589703, -25.861450
139741567, 2271.691406, 375.000000, 2000.000000, 301.000000, 267.895752, -44.849304, 0.000000, -49.656372, 0.000000, -29.952393
139963880, 1978.632690, 299.998505, 1636.482666, 295.000000, 232.132706, -75.827118, 0.000000, -94.300941, 0.000000, -47.536833
140185841, 1752.250488, 299.990997, 1607.286377, 277.000000, -90.000000, -117.150002, 0.000000, -550.500000, 0.000000, 48.000001
140408827, 1603.939697, 213.278229, 1454.545410, 238.000000, -90.000000, -81.599998, 0.000000, -492.000000, 0.000000, 66.000001
140629760, 1496.124390, 149.277496, 1090.909058, 195.000000, -90.000000, -62.250000, 0.000000, -427.500000, 0.000000, 66.000001
140852818, 1462.965210, 224.990997, 909.008301, 155.000000, -90.000000, -50.250000, 0.000000, -367.500000, 0.000000, 60.000000
141074916, 1428.670166, 71.082298, 719.243347, 132.000000, -90.000000, -75.900002, 0.000000, -333.000000, 0.000000, 24.000000
141286819, 1424.202026, 149.999252, 714.285706, 108.000000, -90.000000, -53.099998, 0.000000, -297.000000, 0.000000, 36.000001
141507866, 1394.309570, 74.997375, 727.272705, 82.000000, -90.000000, -41.399998, 0.000000, -258.000000, 0.000000, 36.000001
141719526, 1368.963379, 71.103188, 545.454529, 63.000000, -90.000000, -50.849998, 0.000000, -229.500000, 0.000000, 18.000001
141941562, 1370.809570, 71.550201, 545.494202, 46.000000, -90.000000, -37.200001, 0.000000, -204.000000, 0.000000, 24.000000
142153789, 1372.706909, 0.000000, 535.762146, 30.000000, -90.000000, -36.000000, 0.000000, -180.000000, 0.000000, 18.000001
142367595, 1385.777466, 74.117996, 357.174744, 15.000000, -90.000000, -29.250000, 0.000000, -157.500000, 0.000000, 18.000001
142591588, 1406.592651, 73.889076, 361.004303, 3.000000, -90.000000, -23.849998, 0.000000, -139.500000, 0.000000, 18.000001
142804749, 1410.895264, 73.894173, 361.010834, -7.000000, -90.000000, -19.349998, 0.000000, -124.500000, 0.000000, 18.000001
143016918, 1411.708252, 74.627235, 181.804962, -18.000000, -90.000000, 1.000000, 0.000000, -108.000000, 0.000000, 18.000001
143238830, 1420.671143, 0.000000, 0.000000, -26.000000, -90.000000, -16.799999, 0.000000, -96.000000, 0.000000, 12.000000
143449881, 1439.587036, 0.000000, 0.000000, -32.000000, -90.000000, -20.100000, 0.000000, -87.000000, 0.000000, 6.000000
143660805, 1455.263916, 0.000000, 0.000000, -38.000000, -90.000000, 1.000000, 0.000000, -78.000000, 0.000000, 12.000000
143871926, 1466.163330, 0.000000, 0.000000, -42.000000, -90.000000, -15.600000, 0.000000, -72.000000, 0.000000, 6.000000
144082832, 1483.403442, 0.000000, 0.000000, -46.000000, -90.000000, -19.799999, 0.000000, -66.000000, 0.000000, 0.000000
144293884, 1478.832764, 0.000000, 0.000000, -46.000000, -90.000000, -19.799999, 0.000000, -66.000000, 0.000000, 0.000000
144504764, 1492.726074, 0.000000, 0.000000, -47.000000, -90.000000, -31.350000, 0.000000, -64.500000, 0.000000, -12.000000
144716566, 1510.941406, 0.000000, 0.000000, -49.000000, -90.000000, -18.450001, 0.000000, -61.500000, 0.000000, 0.000000
144919891, 1510.232910, 0.000000, 0.000000, -50.000000, -90.000000, 1.000000, 0.000000, -60.000000, 0.000000, 6.000000
145130947, 1523.633301, 0.000000, 0.000000, -51.000000, -90.000000, 1.000000, 0.000000, -58.500000, 0.000000, 6.000000
145341935, 1537.318115, 0.000000, 0.000000, -52.000000, -90.000000, 1.000000, 0.000000, -57.000000, 0.000000, 12.000000
145552778, 1495.457642, 0.000000, 0.000000, -52.000000, -90.000000, 1.000000, 0.000000, -57.000000, 0.000000, 12.000000
145763817, 1344.022217, 0.000000, 0.000000, -52.000000, -90.000000, -17.100000, 0.000000, -57.000000, 0.000000, 0.000000
145974870, 1113.566772, 0.000000, 0.000000, -54.000000, -90.000000, -16.200001, 0.000000, -54.000000, 0.000000, 0.000000
146185869, 894.088257, 0.000000, 0.000000, -55.000000, -90.000000, 1.000000, 0.000000, -52.500000, 0.000000, 6.000000
146396893, 688.180176, 0.000000, 0.000000, -55.000000, -90.000000, 1.000000, 0.000000, -52.500000, 0.000000, 6.000000
146597548, 468.333801, 0.000000, 0.000000, -55.000000, -90.000000, 1.000000, 0.000000, -52.500000, 0.000000, 6.000000
146808837, 299.959442, 0.000000, 0.000000, -55.000000, -90.000000, -15.750000, 0.000000, -52.500000, 0.000000, 0.000000
147019894, 148.454193, 0.000000, 0.000000, -55.000000, -90.000000, 1.000000, 0.000000, -52.500000, 0.000000, 6.000000
147230827, 57.543766, 0.000000, 0.000000, -55.000000, -90.000000, 1.000000, 0.000000, -52.500000, 0.000000, 6.000000
147433845, 0.000000, 0.000000, 0.000000, -55.000000, -90.000000, 1.000000, 0.000000, -52.500000, 0.000000, 6.000000
147636861, 0.000000, 0.000000, 0.000000, -55.000000, -90.000000, 1.000000, 0.000000, -52.500000, 0.000000, 6.000000
147839814, 0.000000, 0.000000, 0.000000, -55.000000, -90.000000, -15.750000, 0.000000, -52.500000, 0.000000, 0.000000
148050871, 0.000000, 0.000000, 0.000000, -58.000000, -90.000000, 1.000000, 0.000000, -48.000000, 0.000000, 12.000000
148252748, 0.000000, 0.000000, 0.000000, -56.000000, -90.000000, 1.000000, 0.000000, -51.000000, 0.000000, 6.000000
148463778, 0.000000, 0.000000, 0.000000, -55.000000, -90.000000, -15.750000, 0.000000, -52.500000, 0.000000, 0.000000
